EntityId,TeamId,Name,ShortName,RowId,TeamAbbreviation,SecondsPlayed,GamesPlayed,Minutes,PlusMinus,OffPoss,DefPoss,PenaltyOffPoss,PenaltyDefPoss,SecondChanceOffPoss,TotalPoss,AtRimFGM,AtRimFGA,PenaltyAtRimFGM,PenaltyAtRimFGA,ShortMidRangeFGM,ShortMidRangeFGA,LongMidRangeFGM,LongMidRangeFGA,Corner3FGM,Corner3FGA,Arc3FGM,Arc3FGA,FG2M,FG2A,FG3M,FG3A,FtPoints,Points,OpponentPoints,SecondChanceFG2M,SecondChanceFG2A,SecondChancePoints,PenaltyFG2M,PenaltyFG2A,PenaltyPoints,PtsAssisted2s,PtsUnassisted2s,PtsAssisted3s,NonHeaveArc3FGA,NonHeaveArc3FGM,Fg2aBlocked,TwoPtAssists,ThreePtAssists,Assists,Arc3Assists,Corner3Assists,AtRimAssists,AssistPoints,OffThreePtRebounds,OffTwoPtRebounds,DefThreePtRebounds,DefTwoPtRebounds,DefRebounds,OffRebounds,Rebounds,SelfOReb,Steals,BadPassSteals,LostBallSteals,LiveBallTurnovers,BadPassOutOfBoundsTurnovers,BadPassTurnovers,DeadBallTurnovers,LostBallTurnovers,Travels,Turnovers,SecondChanceTurnovers,PenaltyTurnovers,ShootingFouls,Fouls,Loose Ball Fouls,FoulsDrawn,Loose Ball Fouls Drawn,Offensive Fouls Drawn,FTA,TwoPtShootingFoulsDrawn,FirstChancePoints,PenaltyPointsExcludingTakeFouls,PenaltyOffPossExcludingTakeFouls,NonShootingPenaltyNonTakeFouls,Period1Fouls2Minutes,Period2Fouls2Minutes,Period2Fouls3Minutes,Period3Fouls3Minutes,Period3Fouls4Minutes,Period4Fouls5Minutes,OnOffRtg,OnDefRtg,Assisted2sPct,NonPutbacksAssisted2sPct,Assisted3sPct,Fg3Pct,NonHeaveFg3Pct,Fg2Pct,SecondChanceFg2Pct,PenaltyFg2Pct,EfgPct,SecondChanceEfgPct,PenaltyEfgPct,TsPct,SecondChanceTsPct,PenaltyTsPct,FG3APct,FG2APctBlocked,AtRimPctBlocked,ShortMidRangePctBlocked,Usage,LiveBallTurnoverPct,DefTwoPtReboundPct,OffTwoPtReboundPct,DefThreePtReboundPct,OffThreePtReboundPct,DefFGReboundPct,OffFGReboundPct,OffAtRimReboundPct,OffShortMidRangeReboundPct,OffArc3ReboundPct,OffCorner3ReboundPct,DefAtRimReboundPct,DefShortMidRangeReboundPct,DefArc3ReboundPct,DefCorner3ReboundPct,SelfORebPct,AtRimFrequency,AtRimAccuracy,UnblockedAtRimAccuracy,AtRimPctAssisted,ShortMidRangeFrequency,ShortMidRangeAccuracy,UnblockedShortMidRangeAccuracy,ShortMidRangePctAssisted,LongMidRangeFrequency,LongMidRangeAccuracy,UnblockedLongMidRangeAccuracy,LongMidRangePctAssisted,Corner3Frequency,Corner3Accuracy,UnblockedCorner3Accuracy,Corner3PctAssisted,Arc3Frequency,Arc3Accuracy,UnblockedArc3Accuracy,Arc3PctAssisted,PenaltyAtRimFrequency,PenaltyAtRimAccuracy,AtRimFG3AFrequency,NonHeaveArc3Accuracy,ShotQualityAvg,PenaltyShotQualityAvg,ShootingFoulsDrawnPct,TwoPtShootingFoulsDrawnPct,SecondChancePointsPct,PenaltyPointsPct,Avg2ptShotDistance,Avg3ptShotDistance,ShortMidRangeOffReboundedPct,PenaltyOffPossPct,SecondChanceAtRimFGM,SecondChanceAtRimFGA,PenaltyCorner3FGA,SecondChanceArc3FGM,SecondChanceArc3FGA,PenaltyArc3FGM,PenaltyArc3FGA,SecondChanceFG3M,SecondChanceFG3A,SecondChanceFtPoints,PenaltyFG3M,PenaltyFG3A,PenaltyFtPoints,PtsUnassisted3s,PtsPutbacks,ShortMidRangeAssists,LongMidRangeAssists,LostBallOutOfBoundsTurnovers,2pt And 1 Free Throw Trips,ThreePtShootingFoulsDrawn,SecondChanceFg3Pct,PenaltyFg3Pct,DefLongMidRangeReboundPct,SecondChanceAtRimFrequency,SecondChanceAtRimAccuracy,SecondChanceArc3Frequency,SecondChanceArc3Accuracy,SecondChanceArc3PctAssisted,PenaltyCorner3Frequency,PenaltyArc3Frequency,PenaltyArc3Accuracy,SecondChanceShotQualityAvg,ThreePtShootingFoulsDrawnPct,AtRimOffReboundedPct,LongMidRangeOffReboundedPct,ThreePtOffReboundedPct,FTOffRebounds,FTDefRebounds,Charge Fouls,Offensive Fouls,Blocked2s,BlockedAtRim,BlockedShortMidRange,Blocks,RecoveredBlocks,DefFTReboundPct,OffFTReboundPct,OffLongMidRangeReboundPct,BlocksRecoveredPct,NonShootingFoulsDrawn,NonShootingPenaltyNonTakeFoulsDrawn,Period4Fouls4Minutes,Fg3aBlocked,Charge Fouls Drawn,Technical Free Throw Trips,FG3APctBlocked,Corner3PctBlocked,Blocked3s,BlockedArc3,Arc3PctBlocked,SecondChanceAtRimPctAssisted,StepOutOfBoundsTurnovers,PeriodOTFouls4Minutes,PeriodOTFouls5Minutes,SecondChanceCorner3FGA,PenaltyCorner3FGM,SecondChanceCorner3Frequency,PenaltyCorner3Accuracy,LongMidRangePctBlocked,BlockedCorner3,BlockedLongMidRange,Defensive 3 Seconds Violations,SecondChanceCorner3FGM,SecondChanceCorner3Accuracy,SecondChanceCorner3PctAssisted,3pt And 1 Free Throw Trips,Period3Fouls5Minutes,year
1630996,1611661320,Rae Burrell,Rae Burrell,1630996,LAS,6010.1,4,100.0,-23.0,217,222,40.0,38.0,22.0,439,5.0,7.0,3.0,3.0,2.0,7.0,1.0,1.0,2.0,6.0,1.0,3.0,8.0,15.0,3.0,9.0,5.0,30.0,268,1.0,1.0,2.0,4.0,4.0,8.0,10.0,6.0,9.0,3.0,1.0,3.0,3.0,3.0,6.0,1.0,2.0,3.0,15.0,2.0,3.0,3.0,4.0,7.0,5.0,12.0,2.0,3.0,2.0,1.0,6.0,2.0,3.0,3.0,3.0,1.0,9.0,1.0,3.0,4.0,12.0,1.0,8.0,1.0,1.0,6.0,3.0,28.0,8.0,40.0,4.0,3.0,6.0,2.0,9.0,4.0,4.0,112.90322580645162,120.7207207207207,0.625,0.625,1.0,0.3333333333333333,0.3333333333333333,0.5333333333333333,1.0,1.0,0.5208333333333334,1.0,1.0,0.5555555555555556,1.0,1.0,0.375,0.2,0.2857142857142857,0.14285714285714285,14.937759336099584,0.6666666666666666,0.09523809523809523,0.07894736842105263,0.06382978723404255,0.05405405405405406,0.07865168539325842,0.06666666666666667,0.07142857142857142,0.09523809523809523,0.037037037037037035,0.1,0.13333333333333333,0.1111111111111111,0.05555555555555555,0.09090909090909091,0.2,0.2916666666666667,0.7142857142857143,1.0,0.4,0.2916666666666667,0.2857142857142857,0.3333333333333333,1.0,0.041666666666666664,1.0,1.0,1.0,0.25,0.3333333333333333,0.3333333333333333,1.0,0.125,0.3333333333333333,0.3333333333333333,1.0,0.75,1.0,0.6666666666666666,0.3333333333333333,0.5307729166666667,0.567,0.1111111111111111,0.16666666666666666,0.06666666666666667,0.26666666666666666,5.086666666666667,23.88888888888889,0.8,0.18433179723502305,,,,,,,,,,,,,,,,,,,,,,,,,,,,,,,,,,,,,,,,,,,,,,,,,,,,,,,,,,,,,,,,,,,,,,,,,,,,,,2026
1629546,1611661313,Marine Johannes,Marine Johannes,1629546,NYL,5800.4,4,97.0,54.0,249,251,62.0,58.0,30.0,500,3.0,4.0,,,2.0,4.0,1.0,2.0,4.0,12.0,11.0,24.0,6.0,10.0,15.0,36.0,6.0,63.0,245,2.0,3.0,14.0,,,13.0,8.0,4.0,30.0,24.0,11.0,1.0,15.0,5.0,20.0,3.0,2.0,7.0,45.0,5.0,,4.0,4.0,8.0,5.0,13.0,,9.0,7.0,2.0,4.0,2.0,2.0,3.0,2.0,,7.0,,,4.0,7.0,1.0,9.0,,1.0,8.0,3.0,49.0,13.0,62.0,1.0,,4.0,2.0,9.0,,,120.08032128514056,97.60956175298806,0.6666666666666666,0.8,0.6666666666666666,0.4166666666666667,0.4166666666666667,0.6,0.6666666666666666,,0.6195652173913043,0.9285714285714286,0.5,0.6428571428571429,1.0,0.5,0.782608695652174,0.1,,0.25,19.858156028368796,0.5714285714285714,0.057971014492753624,,0.07272727272727272,0.08333333333333333,0.06451612903225806,0.04807692307692308,,,0.10526315789473684,0.045454545454545456,0.06666666666666667,0.05,0.0975609756097561,,,0.08695652173913043,0.75,0.75,0.6666666666666666,0.08695652173913043,0.5,0.6666666666666666,0.5,0.043478260869565216,0.5,0.5,1.0,0.2608695652173913,0.3333333333333333,0.3333333333333333,1.0,0.5217391304347826,0.4583333333333333,0.4583333333333333,0.5454545454545454,,,0.8695652173913043,0.4583333333333333,0.5217066666666667,0.5331545454545454,0.08163265306122448,0.25,0.2222222222222222,0.20634920634920634,9.23,25.219444444444445,0.5,0.24899598393574296,1.0,1.0,3.0,3.0,4.0,4.0,9.0,3.0,4.0,1.0,4.0,12.0,1.0,15.0,2.0,5.0,3.0,1.0,1.0,1.0,0.75,0.3333333333333333,0.07142857142857142,0.14285714285714285,1.0,0.5714285714285714,0.75,0.3333333333333333,0.25,0.75,0.4444444444444444,0.46608333333333335,0.02702702702702703,1.0,1.0,0.4,,,,,,,,,,,,,,,,,,,,,,,,,,,,,,,,,,,,,,,,,,2026
1642289,1611661329,Kamilla Cardoso,Kamilla Cardoso,1642289,CHI,5583.5,5,93.0,8.0,264,263,47.0,54.0,31.0,527,24.0,38.0,5.0,10.0,4.0,14.0,,1.0,,,,,28.0,53.0,,,16.0,72.0,264,8.0,14.0,21.0,5.0,10.0,14.0,38.0,18.0,,,,5.0,9.0,3.0,12.0,1.0,2.0,7.0,27.0,5.0,13.0,7.0,23.0,33.0,19.0,52.0,4.0,1.0,1.0,,1.0,,,5.0,1.0,,6.0,,,5.0,15.0,,20.0,,,26.0,15.0,51.0,14.0,47.0,1.0,,7.0,,2.0,2.0,,103.03030303030303,100.38022813688214,0.6785714285714286,0.95,,,,0.5283018867924528,0.5714285714285714,0.5,0.5283018867924528,0.5714285714285714,0.5,0.5625,0.6176470588235294,0.5384615384615384,,0.09433962264150944,0.07894736842105263,0.14285714285714285,23.41137123745819,0.16666666666666666,0.26436781609195403,0.16049382716049382,0.1320754716981132,0.11363636363636363,0.21428571428571427,0.144,0.21875,0.125,0.08108108108108109,0.2857142857142857,0.23076923076923078,0.3023255813953488,0.1282051282051282,0.14285714285714285,0.2,0.7169811320754716,0.631578947368421,0.6857142857142857,0.625,0.2641509433962264,0.2857142857142857,0.3333333333333333,1.0,0.018867924528301886,,,,,,,,,,,,1.0,0.5,0.7169811320754716,,0.5551037735849057,0.61564,0.234375,0.234375,0.2916666666666667,0.19444444444444445,3.2641509433962264,,0.1,0.17803030303030304,8.0,13.0,,,,,,,,5.0,,,4.0,,16.0,1.0,1.0,,4.0,,,,0.2222222222222222,0.9285714285714286,0.6153846153846154,,,,,,,0.5929636363636364,,0.35714285714285715,,,1.0,3.0,2.0,3.0,8.0,4.0,4.0,8.0,4.0,0.375,0.125,0.1111111111111111,0.5,,,,,,,,,,,,,,,,,,,,,,,,,,,,,2026
1629491,1611661321,Jessica Shepard,Jessica Shepard,1629491,DAL,5551.200000000001,5,93.0,5.0,297,299,57.0,65.0,35.0,596,20.0,26.0,4.0,4.0,2.0,9.0,2.0,4.0,,,,2.0,24.0,39.0,,2.0,14.0,62.0,344,1.0,3.0,4.0,5.0,6.0,18.0,36.0,12.0,,2.0,,2.0,25.0,9.0,34.0,7.0,2.0,13.0,77.0,3.0,8.0,13.0,21.0,38.0,11.0,49.0,,3.0,1.0,2.0,4.0,,3.0,1.0,1.0,,5.0,,1.0,7.0,14.0,1.0,18.0,4.0,,21.0,8.0,58.0,18.0,55.0,2.0,,,,4.0,,3.0,117.5084175084175,115.05016722408025,0.75,0.782608695652174,,,,0.6153846153846154,0.3333333333333333,0.8333333333333334,0.5853658536585366,0.3333333333333333,0.7142857142857143,0.62,0.5,0.75,0.04878048780487805,0.05128205128205128,0.038461538461538464,0.1111111111111111,16.467065868263475,0.8,0.2916666666666667,0.1095890410958904,0.26,0.057692307692307696,0.2786885245901639,0.088,0.13636363636363635,0.1,0.046511627906976744,0.1111111111111111,0.30303030303030304,0.25806451612903225,0.24444444444444444,0.4,,0.6341463414634146,0.7692307692307693,0.8,0.8,0.21951219512195122,0.2222222222222222,0.25,,0.0975609756097561,0.5,0.5,1.0,,,,,0.04878048780487805,,,,0.5714285714285714,1.0,0.6829268292682927,,0.518540243902439,0.48451428571428573,0.17391304347826086,0.18181818181818182,0.06451612903225806,0.2903225806451613,4.561538461538461,25.5,,0.1919191919191919,,1.0,,,,,1.0,,,2.0,,1.0,8.0,,2.0,3.0,9.0,,3.0,,,,0.375,0.3333333333333333,,,,,,0.14285714285714285,,0.41409999999999997,,0.16666666666666666,,,,4.0,,1.0,,,,,,0.6666666666666666,,0.09523809523809523,,4.0,4.0,6.0,,,,,,,,,,,,,,,,,,,,,,,,,,2026
1642784,1611661321,Paige Bueckers,Paige Bueckers,1642784,DAL,5476.0,5,91.0,21.0,314,315,50.0,69.0,34.0,629,4.0,6.0,1.0,1.0,15.0,25.0,8.0,16.0,,2.0,11.0,17.0,27.0,47.0,11.0,19.0,17.0,104.0,351,4.0,9.0,16.0,3.0,6.0,20.0,26.0,28.0,27.0,17.0,11.0,,21.0,5.0,26.0,3.0,2.0,13.0,57.0,,,7.0,6.0,14.0,,14.0,,1.0,1.0,,5.0,2.0,1.0,3.0,4.0,,8.0,,2.0,6.0,12.0,1.0,20.0,,3.0,21.0,7.0,88.0,20.0,48.0,1.0,2.0,,,,,,118.47133757961782,111.42857142857143,0.48148148148148145,0.48148148148148145,0.8181818181818182,0.5789473684210527,0.5789473684210527,0.574468085106383,0.4444444444444444,0.5,0.6590909090909091,0.6363636363636364,0.8333333333333334,0.6891891891891891,0.6666666666666666,0.7692307692307693,0.2878787878787879,,,,23.163841807909606,0.625,0.0821917808219178,,0.1320754716981132,,0.10317460317460317,,,,,,0.06060606060606061,0.125,0.125,0.2,,0.09090909090909091,0.6666666666666666,0.6666666666666666,,0.3787878787878788,0.6,0.6,0.4666666666666667,0.24242424242424243,0.5,0.5,0.75,0.030303030303030304,,,,0.25757575757575757,0.6470588235294118,0.6470588235294118,0.8181818181818182,0.1111111111111111,1.0,0.3787878787878788,0.6470588235294118,0.4312787878787879,0.4030666666666667,0.1,0.13725490196078433,0.15384615384615385,0.19230769230769232,10.812765957446809,25.63157894736842,0.4,0.1592356687898089,2.0,3.0,,2.0,2.0,3.0,3.0,2.0,2.0,2.0,3.0,3.0,5.0,6.0,,4.0,4.0,1.0,3.0,,1.0,1.0,,0.2727272727272727,0.6666666666666666,0.18181818181818182,1.0,1.0,,0.3333333333333333,1.0,0.42760625,,0.5,0.125,0.25,,1.0,,,1.0,1.0,,1.0,1.0,0.125,,,1.0,4.0,3.0,,1.0,2.0,2.0,0.05263157894736842,0.5,,,,,,,,,,,,,,,,,,,,,2026
1628279,1611661332,Brittney Sykes,Brittney Sykes,1628279,TOR,5293.1,5,88.0,9.0,333,343,88.0,115.0,39.0,676,16.0,28.0,3.0,6.0,5.0,20.0,6.0,13.0,2.0,7.0,7.0,23.0,27.0,61.0,9.0,30.0,47.0,128.0,374,4.0,5.0,10.0,5.0,14.0,38.0,14.0,40.0,15.0,23.0,7.0,5.0,9.0,15.0,24.0,10.0,5.0,5.0,63.0,3.0,3.0,9.0,5.0,17.0,6.0,23.0,1.0,11.0,8.0,3.0,5.0,5.0,5.0,7.0,,,12.0,,3.0,7.0,16.0,3.0,37.0,1.0,4.0,52.0,13.0,118.0,38.0,88.0,3.0,,,,4.0,3.0,,115.01501501501501,109.03790087463557,0.25925925925925924,0.28,0.5555555555555556,0.3,0.3,0.4426229508196721,0.8,0.35714285714285715,0.44505494505494503,0.6666666666666666,0.325,0.5585585585585585,0.75,0.5454545454545454,0.32967032967032966,0.08196721311475409,0.07142857142857142,0.15,32.19895287958116,0.4166666666666667,0.07352941176470588,0.037037037037037035,0.15,0.036585365853658534,0.109375,0.03680981595092025,,0.06666666666666667,0.03225806451612903,0.05,0.0967741935483871,0.034482758620689655,0.13636363636363635,0.1875,0.02,0.3076923076923077,0.5714285714285714,0.6153846153846154,0.3125,0.21978021978021978,0.25,0.29411764705882354,,0.14285714285714285,0.46153846153846156,0.46153846153846156,0.3333333333333333,0.07692307692307693,0.2857142857142857,0.2857142857142857,0.5,0.25274725274725274,0.30434782608695654,0.30434782608695654,0.5714285714285714,0.3,0.5,0.6373626373626373,0.30434782608695654,0.4992483516483517,0.491245,0.14,0.18840579710144928,0.078125,0.296875,7.573770491803279,24.66,0.4666666666666667,0.26426426426426425,1.0,2.0,1.0,,1.0,1.0,5.0,,1.0,2.0,1.0,6.0,25.0,12.0,4.0,1.0,3.0,,5.0,2.0,,0.16666666666666666,0.125,0.3333333333333333,0.5,0.16666666666666666,,,0.05,0.25,0.2,0.53495,0.03225806451612903,0.4166666666666667,0.42857142857142855,0.14285714285714285,,3.0,,2.0,2.0,1.0,1.0,2.0,1.0,0.25,,0.07142857142857142,0.5,10.0,10.0,1.0,,1.0,4.0,,,,,,,,,,,,,,,,,,,,,,,2026
1629501,1611661321,Alanna Smith,Alanna Smith,1629501,DAL,5223.200000000001,5,87.0,-20.0,190,186,29.0,30.0,25.0,376,7.0,13.0,1.0,1.0,1.0,2.0,,2.0,,1.0,2.0,11.0,8.0,17.0,2.0,12.0,2.0,24.0,208,,2.0,,2.0,2.0,4.0,14.0,2.0,6.0,11.0,2.0,2.0,7.0,4.0,11.0,4.0,,6.0,26.0,2.0,6.0,6.0,6.0,12.0,8.0,20.0,2.0,7.0,5.0,2.0,3.0,2.0,2.0,6.0,1.0,1.0,9.0,1.0,,8.0,18.0,1.0,7.0,1.0,1.0,3.0,2.0,24.0,4.0,27.0,,,13.0,4.0,11.0,,,98.94736842105263,111.82795698924731,0.875,0.875,1.0,0.16666666666666666,0.16666666666666666,0.47058823529411764,,1.0,0.3793103448275862,,0.6666666666666666,0.4,,0.6666666666666666,0.41379310344827586,0.11764705882352941,0.07692307692307693,0.5,17.889908256880734,0.3333333333333333,0.16216216216216217,0.10526315789473684,0.16216216216216217,0.05714285714285714,0.16216216216216217,0.08695652173913043,0.16666666666666666,0.08,0.06896551724137931,,0.16666666666666666,0.2,0.17142857142857143,,0.13333333333333333,0.4482758620689655,0.5384615384615384,0.5833333333333334,0.8571428571428571,0.06896551724137931,0.5,1.0,1.0,0.06896551724137931,,,,0.034482758620689655,,,,0.3793103448275862,0.18181818181818182,0.2,1.0,0.3333333333333333,1.0,0.8620689655172413,0.18181818181818182,0.5325071428571428,0.4393,0.06666666666666667,0.1111111111111111,,0.16666666666666666,4.452941176470588,27.650000000000002,1.0,0.15263157894736842,,2.0,,,,,1.0,,,,,1.0,,,,1.0,,,1.0,,,,,1.0,,,,,,0.3333333333333333,,0.5535,,0.3333333333333333,0.5,0.2222222222222222,,,,3.0,3.0,2.0,1.0,4.0,3.0,,,,0.75,,,4.0,1.0,1.0,,0.08333333333333333,,1.0,1.0,0.09090909090909091,,,,,,,,,,,,,,,,,,2026
203014,1611661320,Nneka Ogwumike,Nneka Ogwumike,203014,LAS,5214.0,4,87.0,-21.0,253,255,66.0,65.0,29.0,508,12.0,15.0,5.0,7.0,5.0,11.0,,3.0,2.0,4.0,5.0,8.0,17.0,29.0,7.0,12.0,11.0,66.0,307,5.0,8.0,10.0,6.0,10.0,24.0,26.0,8.0,15.0,8.0,5.0,2.0,7.0,1.0,8.0,,1.0,6.0,17.0,1.0,3.0,10.0,11.0,22.0,5.0,27.0,,5.0,4.0,1.0,5.0,2.0,4.0,4.0,1.0,,9.0,1.0,4.0,3.0,9.0,1.0,16.0,1.0,1.0,13.0,7.0,56.0,24.0,66.0,1.0,,,,,,,113.04347826086958,120.39215686274511,0.7647058823529411,0.8666666666666667,0.7142857142857143,0.5833333333333334,0.5833333333333334,0.5862068965517241,0.625,0.6,0.6707317073170732,0.625,0.6923076923076923,0.7021276595744681,0.625,0.7058823529411765,0.2926829268292683,0.06896551724137931,0.06666666666666667,0.09090909090909091,19.51219512195122,0.5555555555555556,0.22916666666666666,0.057692307692307696,0.2,0.02,0.21428571428571427,0.0392156862745098,0.043478260869565216,0.041666666666666664,0.029411764705882353,,0.17647058823529413,0.23809523809523808,0.15384615384615385,0.36363636363636365,,0.36585365853658536,0.8,0.8571428571428571,0.9166666666666666,0.2682926829268293,0.45454545454545453,0.5,0.4,0.07317073170731707,,,,0.0975609756097561,0.5,0.5,1.0,0.1951219512195122,0.625,0.625,0.6,0.5384615384615384,0.7142857142857143,0.6585365853658537,0.625,0.5105865853658537,0.5441,0.14893617021276595,0.2,0.15151515151515152,0.36363636363636365,5.9896551724137925,24.099999999999998,0.16666666666666666,0.2608695652173913,4.0,4.0,1.0,,,2.0,2.0,,,,2.0,3.0,6.0,6.0,4.0,1.0,,1.0,1.0,,,0.6666666666666666,0.3,0.5,1.0,,,,0.07692307692307693,0.15384615384615385,1.0,0.4880857142857143,,0.3333333333333333,0.6666666666666666,0.2,1.0,1.0,,1.0,1.0,,1.0,1.0,1.0,0.3333333333333333,0.16666666666666666,0.2,1.0,,,6.0,,,,,,,,,0.75,,,,,,,,,,,,,,,,,2026
203826,1611661317,Alyssa Thomas,Alyssa Thomas,203826,PHX,5164.1,5,86.0,26.0,333,337,109.0,52.0,37.0,670,14.0,18.0,4.0,5.0,11.0,33.0,2.0,2.0,,,,,27.0,53.0,,,29.0,83.0,356,5.0,8.0,15.0,8.0,12.0,32.0,16.0,38.0,,,,4.0,22.0,20.0,42.0,15.0,5.0,11.0,104.0,1.0,6.0,10.0,16.0,29.0,7.0,36.0,1.0,8.0,4.0,4.0,7.0,4.0,5.0,10.0,2.0,,17.0,,5.0,6.0,15.0,2.0,32.0,4.0,3.0,42.0,15.0,68.0,32.0,107.0,,4.0,17.0,,2.0,,1.0,114.71471471471472,105.6379821958457,0.2962962962962963,0.3333333333333333,,,,0.5094339622641509,0.625,0.6666666666666666,0.5094339622641509,0.625,0.6666666666666666,0.5684931506849316,0.5769230769230769,0.6956521739130435,,0.07547169811320754,,0.12121212121212122,24.128686327077748,0.4117647058823529,0.21333333333333335,0.07142857142857142,0.14084507042253522,0.015873015873015872,0.1780821917808219,0.047619047619047616,0.043478260869565216,0.08888888888888889,0.018867924528301886,,0.22727272727272727,0.15151515151515152,0.13114754098360656,0.2,0.047619047619047616,0.33962264150943394,0.7777777777777778,0.7777777777777778,0.14285714285714285,0.6226415094339622,0.3333333333333333,0.3793103448275862,0.36363636363636365,0.03773584905660377,1.0,1.0,1.0,,,,,,,,,0.4166666666666667,0.8,0.33962264150943394,,0.47512830188679245,0.47245000000000004,0.22727272727272727,0.22727272727272727,0.18072289156626506,0.3855421686746988,6.143396226415095,,0.19047619047619047,0.32732732732732733,3.0,3.0,,,,,,,,5.0,,,16.0,,6.0,8.0,3.0,1.0,2.0,,,,0.3,0.375,1.0,,,,,,,0.468,,0.5,,,,3.0,2.0,2.0,,,,1.0,,0.3333333333333333,,0.0625,,7.0,7.0,9.0,,,,,,1.0,1.0,,,,,,,,,,,,,,,,,,,2026
1627668,1611661313,Breanna Stewart,Breanna Stewart,1627668,NYL,4995.4,4,83.0,48.0,266,268,60.0,54.0,28.0,534,14.0,18.0,5.0,5.0,14.0,32.0,1.0,2.0,,4.0,2.0,10.0,29.0,52.0,2.0,14.0,28.0,92.0,273,1.0,6.0,7.0,8.0,13.0,26.0,46.0,12.0,6.0,10.0,2.0,2.0,6.0,5.0,11.0,4.0,1.0,4.0,27.0,1.0,3.0,16.0,12.0,32.0,4.0,36.0,2.0,5.0,4.0,1.0,5.0,1.0,1.0,7.0,4.0,1.0,12.0,,5.0,5.0,16.0,3.0,34.0,1.0,,30.0,11.0,85.0,26.0,60.0,1.0,,6.0,,12.0,2.0,3.0,120.6766917293233,101.86567164179104,0.7931034482758621,0.7931034482758621,1.0,0.14285714285714285,0.14285714285714285,0.5576923076923077,0.16666666666666666,0.6153846153846154,0.48484848484848486,0.14285714285714285,0.5,0.56875,0.3333333333333333,0.6190476190476191,0.21212121212121213,0.038461538461538464,,0.0625,31.08108108108108,0.4166666666666667,0.18461538461538463,0.0625,0.25396825396825395,0.017857142857142856,0.21875,0.038461538461538464,0.14285714285714285,0.03571428571428571,,0.05555555555555555,0.25,0.19444444444444445,0.24,0.3076923076923077,0.0625,0.2727272727272727,0.7777777777777778,0.7777777777777778,0.7142857142857143,0.48484848484848486,0.4375,0.4666666666666667,0.8571428571428571,0.030303030303030304,0.5,0.5,1.0,0.06060606060606061,,,,0.15151515151515152,0.2,0.2,1.0,0.3125,1.0,0.48484848484848486,0.2,0.48495530303030304,0.470521875,0.14473684210526316,0.1774193548387097,0.07608695652173914,0.2826086956521739,6.25,24.228571428571428,0.23529411764705882,0.22556390977443608,1.0,3.0,,,1.0,,3.0,,1.0,5.0,,3.0,10.0,,,1.0,1.0,,1.0,,,,0.07692307692307693,0.42857142857142855,0.3333333333333333,0.14285714285714285,,,,0.1875,,0.527025,,0.5,,0.25,,4.0,,4.0,8.0,1.0,7.0,8.0,5.0,0.4444444444444444,,,0.625,4.0,4.0,11.0,,,1.0,,,,,,,1.0,3.0,2.0,,,,,,,,,,,,,,2026
1631019,1611661319,NaLyssa Smith,NaLyssa Smith,1631019,LVA,4913.0,5,82.0,21.0,189,192,16.0,2.0,23.0,381,14.0,17.0,1.0,1.0,4.0,7.0,1.0,2.0,,,,1.0,19.0,26.0,,1.0,8.0,46.0,195,5.0,5.0,11.0,1.0,1.0,6.0,26.0,12.0,,1.0,,4.0,5.0,1.0,6.0,1.0,,1.0,13.0,4.0,5.0,3.0,15.0,18.0,9.0,27.0,,2.0,2.0,,1.0,1.0,,3.0,1.0,,4.0,,,14.0,18.0,,16.0,4.0,1.0,17.0,5.0,35.0,6.0,16.0,1.0,,8.0,,17.0,,3.0,114.28571428571429,101.5625,0.6842105263157895,0.7647058823529411,,,,0.7307692307692307,1.0,1.0,0.7037037037037037,1.0,1.0,0.6571428571428571,0.7857142857142857,0.75,0.037037037037037035,0.15384615384615385,0.11764705882352941,0.2857142857142857,17.84037558685446,0.25,0.2542372881355932,0.09803921568627451,0.08333333333333333,0.16,0.18947368421052632,0.11842105263157894,0.15384615384615385,0.037037037037037035,0.19047619047619047,,0.19047619047619047,0.35714285714285715,0.0967741935483871,,,0.6296296296296297,0.8235294117647058,0.9333333333333333,0.6428571428571429,0.25925925925925924,0.5714285714285714,0.8,0.75,0.07407407407407407,0.5,0.5,1.0,,,,,0.037037037037037035,,,,1.0,1.0,0.6666666666666666,,0.5364074074074074,0.6431,0.16666666666666666,0.1724137931034483,0.2391304347826087,0.13043478260869565,4.326923076923077,25.5,0.3333333333333333,0.08465608465608465,5.0,5.0,,,,,,,,1.0,,,4.0,,4.0,2.0,2.0,,2.0,,,,0.1,1.0,1.0,,,,,,,0.664025,,0.3333333333333333,,,,,1.0,1.0,5.0,2.0,3.0,5.0,2.0,,,0.18181818181818182,0.4,5.0,3.0,3.0,,,,,,,,,0.2,,,,,,,,,,,,,,,,,2026
1629481,1611661321,Arike Ogunbowale,Arike Ogunbowale,1629481,DAL,4769.799999999999,5,79.0,32.0,311,313,62.0,78.0,38.0,624,6.0,14.0,1.0,3.0,7.0,16.0,5.0,11.0,3.0,6.0,7.0,20.0,18.0,41.0,10.0,26.0,21.0,87.0,334,4.0,5.0,11.0,4.0,8.0,19.0,18.0,18.0,24.0,20.0,7.0,3.0,10.0,5.0,15.0,5.0,,6.0,35.0,1.0,2.0,1.0,7.0,8.0,3.0,11.0,,4.0,4.0,,3.0,2.0,2.0,4.0,1.0,,7.0,,2.0,2.0,12.0,1.0,18.0,,1.0,22.0,11.0,76.0,19.0,60.0,3.0,,2.0,,-3.0,,3.0,117.68488745980707,106.70926517571885,0.5,0.5,0.8,0.38461538461538464,0.38461538461538464,0.43902439024390244,0.8,0.5,0.4925373134328358,0.4444444444444444,0.55,0.5733333333333334,0.55,0.6785714285714286,0.3880597014925373,0.07317073170731707,0.14285714285714285,0.0625,23.163841807909606,0.42857142857142855,0.09859154929577464,0.023809523809523808,0.017241379310344827,0.01818181818181818,0.06201550387596899,0.02158273381294964,0.037037037037037035,0.029411764705882353,0.022222222222222223,,0.11428571428571428,0.1111111111111111,0.019230769230769232,,,0.208955223880597,0.42857142857142855,0.5,0.5,0.23880597014925373,0.4375,0.4666666666666667,0.2857142857142857,0.16417910447761194,0.45454545454545453,0.45454545454545453,0.8,0.08955223880597014,0.5,0.5,1.0,0.29850746268656714,0.35,0.3684210526315789,0.7142857142857143,0.3,0.3333333333333333,0.5970149253731343,0.35,0.48947014925373133,0.470345,0.1506849315068493,0.23404255319148937,0.12643678160919541,0.21839080459770116,8.585365853658537,24.334615384615386,0.375,0.19935691318327975,1.0,2.0,2.0,,3.0,,,,4.0,3.0,1.0,2.0,8.0,6.0,,3.0,1.0,,5.0,,,0.5,,0.2222222222222222,0.5,0.3333333333333333,,,0.2,,,0.4880071428571428,,0.5,0.5,0.4375,,,,,,,,,,,,,,2.0,2.0,1.0,1.0,,1.0,0.038461538461538464,,,,0.05,1.0,,,,1.0,1.0,0.1111111111111111,0.5,,,,,,,,,,2026
1641649,1611661323,Diamond Miller,Diamond Miller,1641649,CON,4718.799999999999,6,79.0,-63.0,240,245,45.0,58.0,38.0,485,6.0,15.0,1.0,3.0,1.0,11.0,1.0,5.0,1.0,5.0,6.0,17.0,8.0,31.0,7.0,22.0,12.0,49.0,290,,4.0,,1.0,6.0,5.0,10.0,6.0,18.0,17.0,6.0,7.0,3.0,1.0,4.0,1.0,,1.0,9.0,1.0,3.0,4.0,6.0,11.0,4.0,15.0,1.0,4.0,2.0,2.0,4.0,1.0,3.0,1.0,1.0,,5.0,,1.0,9.0,20.0,2.0,14.0,1.0,2.0,15.0,7.0,49.0,5.0,45.0,3.0,,9.0,,15.0,1.0,,94.58333333333334,118.3673469387755,0.625,0.625,0.8571428571428571,0.3181818181818182,0.3181818181818182,0.25806451612903225,,0.16666666666666666,0.3490566037735849,,0.14285714285714285,0.4083333333333333,,0.2777777777777778,0.41509433962264153,0.22580645161290322,0.2,0.2727272727272727,22.968197879858657,0.8,0.11320754716981132,0.03529411764705882,0.1,0.024390243902439025,0.10752688172043011,0.031746031746031744,0.034482758620689655,0.024390243902439025,0.027777777777777776,,0.125,0.10714285714285714,,0.36363636363636365,0.03333333333333333,0.2830188679245283,0.4,0.5,0.6666666666666666,0.20754716981132076,0.09090909090909091,0.125,,0.09433962264150944,0.2,0.25,1.0,0.09433962264150944,0.2,0.2,1.0,0.32075471698113206,0.35294117647058826,0.375,0.8333333333333334,0.42857142857142855,0.3333333333333333,0.6981132075471698,0.35294117647058826,0.5189207547169812,0.5259142857142857,0.11864406779661017,0.1891891891891892,,0.10204081632653061,6.438709677419355,24.818181818181817,0.7,0.1875,,,1.0,,3.0,,,,3.0,,,1.0,3.0,3.0,,1.0,1.0,,1.0,,,,0.1111111111111111,,,0.42857142857142855,,,0.14285714285714285,,,0.4457,,0.4444444444444444,,0.2,,1.0,,,1.0,,1.0,1.0,,0.1,,0.06666666666666667,,1.0,1.0,3.0,1.0,1.0,,0.045454545454545456,,,,0.058823529411764705,,,,,,,,,0.2,,,,,,,,,2026
1643428,1611661328,Flau'jae Johnson,Flau'jae Johnson,1643428,SEA,4689.0,5,78.0,-10.0,257,262,61.0,43.0,29.0,519,6.0,15.0,,3.0,2.0,5.0,1.0,12.0,1.0,5.0,3.0,12.0,9.0,32.0,4.0,17.0,24.0,54.0,263,2.0,5.0,5.0,,6.0,10.0,8.0,10.0,9.0,12.0,3.0,6.0,4.0,1.0,5.0,,1.0,3.0,11.0,1.0,3.0,5.0,12.0,19.0,4.0,23.0,,7.0,6.0,1.0,6.0,,3.0,2.0,3.0,,8.0,,5.0,5.0,9.0,,19.0,1.0,1.0,28.0,12.0,49.0,10.0,59.0,,,24.0,,,,,98.44357976653697,100.38167938931298,0.4444444444444444,0.4444444444444444,0.75,0.23529411764705882,0.23529411764705882,0.28125,0.4,,0.30612244897959184,0.4,,0.43548387096774194,0.5,0.3333333333333333,0.3469387755102041,0.1875,0.26666666666666666,0.2,24.22145328719723,0.75,0.16901408450704225,0.036585365853658534,0.07575757575757576,0.022222222222222223,0.12408759124087591,0.031496062992125984,0.034482758620689655,0.0625,0.027777777777777776,,0.21428571428571427,0.1111111111111111,0.07142857142857142,0.1,,0.30612244897959184,0.4,0.5454545454545454,0.16666666666666666,0.10204081632653061,0.4,0.5,1.0,0.24489795918367346,0.08333333333333333,0.09090909090909091,1.0,0.10204081632653061,0.2,0.2,1.0,0.24489795918367346,0.25,0.25,0.6666666666666666,0.3,,0.6530612244897959,0.25,0.5177581632653061,0.49715999999999994,0.20967741935483872,0.2727272727272727,0.09259259259259259,0.18518518518518517,8.8625,24.88235294117647,0.3333333333333333,0.23735408560311283,2.0,3.0,1.0,,,,3.0,,,1.0,,4.0,10.0,3.0,,,1.0,2.0,,1.0,,,0.1875,0.6,0.6666666666666666,,,,0.1,0.3,,0.519325,0.05555555555555555,0.2222222222222222,0.45454545454545453,0.15384615384615385,,2.0,,,5.0,3.0,1.0,7.0,5.0,0.2222222222222222,,,0.7142857142857143,,,,,,,,,2.0,1.0,,,,,,,,,,0.08333333333333333,1.0,1.0,,,,,,,2026
1628932,1611661319,A'ja Wilson,A'ja Wilson,1628932,LVA,4661.4,5,78.0,42.0,289,290,62.0,58.0,29.0,579,19.0,24.0,6.0,8.0,14.0,30.0,5.0,11.0,,,6.0,9.0,38.0,65.0,6.0,9.0,31.0,125.0,290,3.0,4.0,16.0,11.0,14.0,41.0,64.0,12.0,15.0,9.0,6.0,4.0,6.0,6.0,12.0,6.0,,2.0,30.0,2.0,3.0,7.0,13.0,23.0,5.0,28.0,1.0,4.0,3.0,1.0,10.0,,5.0,3.0,5.0,,13.0,,3.0,7.0,12.0,,35.0,,,37.0,19.0,109.0,41.0,62.0,,,5.0,,10.0,3.0,1.0,114.87889273356402,100.0,0.8421052631578947,0.8421052631578947,0.8333333333333334,0.6666666666666666,0.6666666666666666,0.5846153846153846,0.75,0.7857142857142857,0.6351351351351351,0.9,0.875,0.702247191011236,1.0,0.9318181818181818,0.12162162162162163,0.06153846153846154,,0.1,31.974921630094045,0.7692307692307693,0.1326530612244898,0.0410958904109589,0.11666666666666667,0.05128205128205128,0.12658227848101267,0.044642857142857144,,0.08108108108108109,0.0625,,0.12195121951219512,0.125,0.11538461538461539,0.125,0.038461538461538464,0.32432432432432434,0.7916666666666666,0.7916666666666666,0.7368421052631579,0.40540540540540543,0.4666666666666667,0.5185185185185185,1.0,0.14864864864864866,0.45454545454545453,0.5,0.8,,,,,0.12162162162162163,0.6666666666666666,0.6666666666666666,0.8333333333333334,0.5,0.75,0.44594594594594594,0.6666666666666666,0.4790364864864865,0.4981625,0.22093023255813954,0.24675324675324675,0.128,0.328,7.363076923076924,25.066666666666666,0.1875,0.21453287197231835,2.0,2.0,,1.0,1.0,2.0,2.0,1.0,1.0,7.0,2.0,2.0,13.0,3.0,,3.0,1.0,,7.0,,1.0,1.0,0.17647058823529413,0.4,1.0,0.2,1.0,1.0,,0.125,1.0,0.5559125,,0.6,0.16666666666666666,,,3.0,1.0,2.0,9.0,4.0,5.0,10.0,3.0,0.3,,,0.3,3.0,3.0,1.0,,1.0,,,,1.0,1.0,,1.0,,,,,,,,0.09090909090909091,,,,,,,,,2026
1628269,1611661324,Nia Coffey,Nia Coffey,1628269,MIN,4595.1,4,77.0,2.0,214,218,34.0,47.0,25.0,432,4.0,4.0,1.0,1.0,1.0,2.0,,2.0,,3.0,7.0,10.0,5.0,8.0,7.0,13.0,,31.0,227,,,6.0,1.0,1.0,8.0,10.0,,21.0,10.0,7.0,,2.0,2.0,4.0,2.0,,2.0,10.0,,1.0,4.0,15.0,23.0,1.0,24.0,,2.0,2.0,,,1.0,,3.0,,,3.0,,,7.0,17.0,2.0,5.0,1.0,1.0,,,25.0,8.0,32.0,4.0,,7.0,,7.0,1.0,2.0,107.00934579439252,104.12844036697247,1.0,1.0,1.0,0.5384615384615384,0.5384615384615384,0.625,,1.0,0.7380952380952381,1.0,1.3333333333333333,0.7380952380952381,1.0,1.3333333333333333,0.6190476190476191,,,,10.0,,0.25,0.019230769230769232,0.08695652173913043,,0.1792452830188679,0.011363636363636364,,,,,0.10714285714285714,0.391304347826087,0.1111111111111111,,,0.19047619047619047,1.0,1.0,1.0,0.09523809523809523,0.5,0.5,1.0,0.09523809523809523,,,,0.14285714285714285,,,,0.47619047619047616,0.7,0.7777777777777778,1.0,0.3333333333333333,1.0,0.8095238095238095,0.7,0.5243571428571429,0.5065333333333334,,,0.1935483870967742,0.25806451612903225,7.4625,24.4,1.0,0.1588785046728972,,,,2.0,3.0,2.0,2.0,2.0,3.0,,2.0,2.0,,,,,,,,,0.6666666666666666,1.0,0.3333333333333333,,,1.0,0.6666666666666666,1.0,,0.6666666666666666,1.0,0.60755,,,0.5,0.16666666666666666,,4.0,1.0,1.0,3.0,2.0,1.0,6.0,3.0,0.5,,0.05555555555555555,0.5,,,23.0,1.0,,,0.07692307692307693,,3.0,,0.1,,,,,,,,,,3.0,,,,,,,,2026
1643426,1611661324,Olivia Miles,Olivia Miles,1643426,MIN,4546.9,4,76.0,15.0,248,251,42.0,57.0,28.0,499,17.0,27.0,3.0,6.0,2.0,5.0,1.0,5.0,,,2.0,9.0,20.0,37.0,2.0,9.0,16.0,62.0,260,2.0,3.0,4.0,3.0,7.0,13.0,6.0,34.0,3.0,9.0,2.0,5.0,18.0,5.0,23.0,4.0,1.0,16.0,51.0,1.0,1.0,6.0,8.0,15.0,2.0,17.0,1.0,6.0,2.0,4.0,9.0,1.0,5.0,3.0,4.0,1.0,12.0,1.0,2.0,6.0,13.0,,15.0,,2.0,17.0,8.0,58.0,12.0,40.0,,,4.0,,10.0,,,110.88709677419355,103.58565737051794,0.15,0.15,0.5,0.2222222222222222,0.2222222222222222,0.5405405405405406,0.6666666666666666,0.42857142857142855,0.5,0.6666666666666666,0.45,0.5740740740740741,0.6666666666666666,0.5416666666666666,0.1956521739130435,0.13513513513513514,0.14814814814814814,0.2,23.487544483985765,0.75,0.10810810810810811,0.015151515151515152,0.11320754716981132,0.02702702702702703,0.11023622047244094,0.019417475728155338,,,0.03571428571428571,,0.1282051282051282,0.12,0.1,0.15384615384615385,0.05263157894736842,0.5869565217391305,0.6296296296296297,0.7391304347826086,0.11764705882352941,0.10869565217391304,0.4,0.5,0.5,0.10869565217391304,0.2,0.2,,,,,,0.1956521739130435,0.2222222222222222,0.2222222222222222,0.5,0.6,0.5,0.782608695652174,0.2222222222222222,0.5571239130434783,0.518195,0.1509433962264151,0.18181818181818182,0.06451612903225806,0.20967741935483872,4.602702702702703,24.6,,0.1693548387096774,2.0,3.0,,,,1.0,3.0,,,,1.0,3.0,4.0,3.0,,1.0,1.0,,1.0,,,0.3333333333333333,,1.0,0.6666666666666666,,,,,0.3,0.3333333333333333,0.6961,,0.6,0.25,0.2857142857142857,,1.0,,1.0,4.0,3.0,1.0,4.0,1.0,0.08333333333333333,,0.05263157894736842,0.25,1.0,,13.0,,,,,,,,,,,,,,,,,,,,,,,,,,2026
1628881,1611661325,Monique Billings,Monique Billings,1628881,IND,4344.5,4,72.0,-2.0,204,213,49.0,53.0,29.0,417,6.0,17.0,1.0,3.0,1.0,3.0,1.0,2.0,2.0,4.0,,1.0,8.0,22.0,2.0,5.0,10.0,32.0,218,3.0,7.0,6.0,1.0,3.0,2.0,8.0,8.0,3.0,1.0,,3.0,5.0,2.0,7.0,1.0,1.0,4.0,16.0,3.0,7.0,2.0,12.0,16.0,10.0,26.0,1.0,6.0,1.0,5.0,4.0,1.0,3.0,1.0,1.0,,5.0,2.0,1.0,7.0,8.0,1.0,15.0,4.0,1.0,13.0,7.0,26.0,2.0,49.0,,,7.0,,4.0,,,105.88235294117646,102.3474178403756,0.5,0.8,0.5,0.4,0.4,0.36363636363636365,0.42857142857142855,0.3333333333333333,0.4074074074074074,0.375,0.25,0.48484848484848486,0.375,0.25,0.18518518518518517,0.13636363636363635,0.17647058823529413,,15.899581589958158,0.8,0.21818181818181817,0.14,0.07142857142857142,0.05555555555555555,0.1686746987951807,0.09615384615384616,0.07407407407407407,0.18181818181818182,0.045454545454545456,0.1,0.25806451612903225,0.1875,0.045454545454545456,0.16666666666666666,0.07142857142857142,0.6296296296296297,0.35294117647058826,0.42857142857142855,0.6666666666666666,0.1111111111111111,0.3333333333333333,0.3333333333333333,,0.07407407407407407,0.5,0.5,,0.14814814814814814,0.5,0.5,0.5,0.037037037037037035,,,,0.75,0.3333333333333333,0.8148148148148148,,0.6059703703703704,0.6326375,0.21212121212121213,0.25,0.1875,0.0625,3.536363636363636,23.9,,0.24019607843137256,2.0,5.0,1.0,,,,,,1.0,,,1.0,,3.0,6.0,,1.0,,1.0,,,,0.125,0.625,0.4,,,,0.25,,,0.58873,,0.36363636363636365,,0.3333333333333333,,2.0,,,3.0,2.0,1.0,3.0,3.0,0.4,,0.25,1.0,,,1.0,,,,,,,,,,,5.0,,1.0,,0.125,,,,,1.0,,,,,,2026
1629567,1611661328,Natisha Hiedeman,Natisha Hiedeman,1629567,SEA,4286.1,5,71.0,-13.0,259,263,79.0,48.0,30.0,522,6.0,12.0,1.0,3.0,10.0,17.0,1.0,6.0,1.0,3.0,6.0,21.0,17.0,35.0,7.0,24.0,6.0,61.0,269,,2.0,6.0,3.0,11.0,12.0,8.0,26.0,18.0,21.0,6.0,2.0,10.0,8.0,18.0,6.0,2.0,7.0,44.0,,,5.0,5.0,10.0,,10.0,,4.0,3.0,1.0,5.0,1.0,2.0,4.0,3.0,1.0,9.0,1.0,1.0,6.0,14.0,,5.0,1.0,,8.0,3.0,55.0,12.0,78.0,1.0,,5.0,,9.0,,1.0,98.84169884169884,102.28136882129277,0.23529411764705882,0.23529411764705882,0.8571428571428571,0.2916666666666667,0.2916666666666667,0.4857142857142857,,0.2727272727272727,0.4661016949152542,0.5,0.2647058823529412,0.49193548387096775,0.5,0.3157894736842105,0.4067796610169492,0.05714285714285714,0.08333333333333333,0.058823529411764705,24.315068493150687,0.5555555555555556,0.06756756756756757,,0.08196721311475409,,0.07407407407407407,,,,,,0.06896551724137931,0.09375,0.08333333333333333,0.07692307692307693,,0.2033898305084746,0.5,0.5454545454545454,0.3333333333333333,0.288135593220339,0.5882352941176471,0.625,0.2,0.1016949152542373,0.16666666666666666,0.16666666666666666,,0.05084745762711865,0.3333333333333333,0.3333333333333333,1.0,0.3559322033898305,0.2857142857142857,0.2857142857142857,0.8333333333333334,0.17647058823529413,0.3333333333333333,0.6101694915254238,0.2857142857142857,0.47110677966101694,0.42119411764705883,0.05,0.08333333333333333,0.09836065573770492,0.19672131147540983,7.985714285714286,25.670833333333334,0.14285714285714285,0.305019305019305,,,1.0,2.0,4.0,1.0,5.0,2.0,4.0,,1.0,6.0,3.0,3.0,,3.0,,,2.0,,0.5,0.16666666666666666,,,,0.6666666666666666,0.5,1.0,0.058823529411764705,0.29411764705882354,0.2,0.44846,,0.5,0.5,0.1875,,,,1.0,1.0,1.0,,1.0,,,,,,2.0,2.0,5.0,,,,,,,,,,,,,,,,,,,,,,,,,,2026
1629497,1611661332,Marina Mabrey,Marina Mabrey,1629497,TOR,4093.6,5,68.0,-5.0,281,285,65.0,73.0,28.0,566,7.0,12.0,,1.0,2.0,12.0,4.0,10.0,6.0,7.0,12.0,37.0,13.0,34.0,18.0,44.0,24.0,104.0,305,3.0,6.0,17.0,1.0,6.0,21.0,12.0,14.0,39.0,37.0,12.0,2.0,9.0,3.0,12.0,2.0,1.0,8.0,27.0,1.0,,9.0,11.0,20.0,1.0,21.0,1.0,7.0,5.0,2.0,6.0,1.0,4.0,7.0,2.0,,13.0,1.0,3.0,3.0,13.0,1.0,19.0,1.0,,26.0,4.0,87.0,21.0,65.0,1.0,,-8.0,,4.0,3.0,4.0,106.76156583629893,107.01754385964912,0.46153846153846156,0.46153846153846156,0.7222222222222222,0.4090909090909091,0.4090909090909091,0.38235294117647056,0.5,0.16666666666666666,0.5128205128205128,0.625,0.34375,0.5786516853932584,0.6538461538461539,0.5,0.5641025641025641,0.058823529411764705,0.16666666666666666,,32.17665615141956,0.46153846153846156,0.1896551724137931,,0.19148936170212766,0.015384615384615385,0.19047619047619047,0.007352941176470588,,,0.02,,0.15384615384615385,0.24,0.15789473684210525,0.3333333333333333,0.022222222222222223,0.15384615384615385,0.5833333333333334,0.7,0.5714285714285714,0.15384615384615385,0.16666666666666666,0.16666666666666666,0.5,0.1282051282051282,0.4,0.4,0.25,0.08974358974358974,0.8571428571428571,0.8571428571428571,0.8333333333333334,0.47435897435897434,0.32432432432432434,0.32432432432432434,0.6666666666666666,0.0625,,0.717948717948718,0.32432432432432434,0.47748589743589737,0.446003125,0.08235294117647059,0.10526315789473684,0.16346153846153846,0.20192307692307693,9.726470588235294,25.836363636363636,0.2,0.2313167259786477,1.0,2.0,3.0,2.0,5.0,1.0,7.0,3.0,6.0,2.0,3.0,10.0,10.0,15.0,,1.0,,,,3.0,0.5,0.3,0.14285714285714285,0.16666666666666666,0.5,0.4166666666666667,0.4,1.0,0.1875,0.4375,0.14285714285714285,0.45448125,0.06382978723404255,0.2,0.3333333333333333,0.3076923076923077,,,1.0,3.0,2.0,2.0,,2.0,,,,,,4.0,4.0,-4.0,,,1.0,,,,,,,1.0,,,1.0,2.0,0.08333333333333333,0.6666666666666666,,,,,1.0,1.0,1.0,,,2026
1643447,1611661329,Gabriela Jaquez,Gabriela Jaquez,1643447,CHI,4012.3,5,67.0,16.0,292,303,54.0,70.0,37.0,595,9.0,17.0,1.0,3.0,6.0,14.0,2.0,2.0,,2.0,3.0,6.0,17.0,33.0,3.0,8.0,19.0,62.0,289,1.0,3.0,3.0,1.0,4.0,4.0,18.0,16.0,9.0,6.0,3.0,3.0,7.0,,7.0,,,5.0,14.0,3.0,1.0,8.0,14.0,23.0,5.0,28.0,,5.0,5.0,,3.0,,1.0,3.0,2.0,,6.0,1.0,1.0,3.0,13.0,1.0,17.0,,1.0,22.0,9.0,59.0,4.0,54.0,1.0,,5.0,,6.0,,,104.45205479452055,95.37953795379539,0.5294117647058824,0.5625,1.0,0.375,0.375,0.5151515151515151,0.3333333333333333,0.25,0.524390243902439,0.3333333333333333,0.25,0.61,0.5,0.4,0.1951219512195122,0.09090909090909091,0.11764705882352941,0.07142857142857142,16.867469879518072,0.5,0.14432989690721648,0.011904761904761904,0.13793103448275862,0.061224489795918366,0.14193548387096774,0.03007518796992481,,0.02564102564102564,0.075,,0.23333333333333334,0.061224489795918366,0.13636363636363635,0.14285714285714285,,0.4146341463414634,0.5294117647058824,0.6,0.6666666666666666,0.34146341463414637,0.42857142857142855,0.46153846153846156,0.3333333333333333,0.04878048780487805,1.0,1.0,0.5,0.04878048780487805,,,,0.14634146341463414,0.5,0.5,1.0,0.75,0.3333333333333333,0.6097560975609756,0.5,0.5134195121951219,0.5345,0.1836734693877551,0.21951219512195122,0.04838709677419355,0.06451612903225806,5.203030303030303,24.35,0.42857142857142855,0.18493150684931506,,1.0,,,,,,,,1.0,,,2.0,,2.0,2.0,,1.0,1.0,,,,0.2222222222222222,0.3333333333333333,,,,,,,,0.4167,,0.25,,0.2,1.0,1.0,,2.0,,,,,,0.125,0.09090909090909091,,,1.0,1.0,-6.0,,,1.0,,,,,,,,,,,,,,,,,,,,,,,2026
203827,1611661324,Natasha Howard,Natasha Howard,203827,MIN,3745.0,4,62.0,25.0,226,229,41.0,53.0,27.0,455,25.0,35.0,4.0,6.0,3.0,6.0,,1.0,,,,2.0,28.0,42.0,,2.0,7.0,63.0,229,10.0,13.0,22.0,4.0,7.0,12.0,34.0,22.0,,2.0,,4.0,11.0,4.0,15.0,3.0,1.0,5.0,34.0,4.0,11.0,6.0,6.0,15.0,15.0,30.0,2.0,4.0,3.0,1.0,9.0,2.0,6.0,11.0,3.0,2.0,20.0,,1.0,11.0,17.0,,22.0,1.0,2.0,20.0,9.0,41.0,12.0,39.0,,,5.0,,5.0,2.0,1.0,112.38938053097347,100.0,0.6071428571428571,0.9444444444444444,,,,0.6666666666666666,0.7692307692307693,0.5714285714285714,0.6363636363636364,0.7692307692307693,0.5,0.5943396226415094,0.7333333333333333,0.5454545454545454,0.045454545454545456,0.09523809523809523,0.11428571428571428,,28.627450980392158,0.45,0.0967741935483871,0.1896551724137931,0.1276595744680851,0.12903225806451613,0.11009174311926606,0.16853932584269662,0.2,0.3333333333333333,0.17391304347826086,,0.06896551724137931,0.13043478260869565,0.16666666666666666,,0.16666666666666666,0.7954545454545454,0.7142857142857143,0.8064516129032258,0.64,0.13636363636363635,0.5,0.5,0.3333333333333333,0.022727272727272728,,,,,,,,0.045454545454545456,,,,0.75,0.6666666666666666,0.8409090909090909,,0.5905079545454546,0.58085,0.17647058823529413,0.1836734693877551,0.3492063492063492,0.19047619047619047,3.030952380952381,23.95,0.6666666666666666,0.18141592920353983,9.0,12.0,,,,,1.0,,,2.0,,1.0,4.0,,20.0,3.0,3.0,,2.0,,,,0.1,0.9230769230769231,0.75,,,,,0.125,,0.5753545454545455,,0.2,,0.5,,3.0,1.0,3.0,3.0,3.0,,3.0,1.0,0.25,,0.05555555555555555,0.3333333333333333,2.0,2.0,7.0,,,,,,,,,,1.0,,,,,,,,,,,,,,,,2026
203398,1611661323,Brittney Griner,Brittney Griner,203398,CON,3719.7,3,62.0,-21.0,169,167,41.0,47.0,30.0,336,8.0,11.0,4.0,5.0,9.0,18.0,1.0,3.0,,,,2.0,18.0,32.0,,2.0,9.0,45.0,179,6.0,12.0,12.0,5.0,9.0,15.0,28.0,8.0,,2.0,,1.0,5.0,1.0,6.0,1.0,,2.0,13.0,1.0,7.0,2.0,4.0,8.0,9.0,17.0,1.0,2.0,1.0,1.0,1.0,1.0,,5.0,1.0,,6.0,,3.0,4.0,9.0,,19.0,1.0,,12.0,4.0,33.0,15.0,41.0,,,3.0,,7.0,1.0,1.0,93.49112426035504,107.18562874251498,0.7777777777777778,0.875,,,,0.5625,0.5,0.5555555555555556,0.5294117647058824,0.5,0.5555555555555556,0.5769230769230769,0.5,0.625,0.058823529411764705,0.03125,0.09090909090909091,,22.277227722772277,0.16666666666666666,0.1,0.11864406779661017,0.06451612903225806,0.03225806451612903,0.08450704225352113,0.08888888888888889,0.11764705882352941,0.0967741935483871,0.03571428571428571,,0.0625,0.16666666666666666,0.08333333333333333,,0.06666666666666667,0.3235294117647059,0.7272727272727273,0.8,0.75,0.5294117647058824,0.5,0.5,0.7777777777777778,0.08823529411764706,0.3333333333333333,0.3333333333333333,1.0,,,,,0.058823529411764705,,,,0.5555555555555556,0.8,0.38235294117647056,,0.4712088235294118,0.5147333333333334,0.1111111111111111,0.11764705882352941,0.26666666666666666,0.3333333333333333,7.234375,25.3,0.3333333333333333,0.24260355029585798,3.0,6.0,,,,,,,,,,,5.0,,4.0,1.0,2.0,,2.0,,,,,0.5,0.5,,,,,,,0.5593272727272727,,0.3333333333333333,,,1.0,2.0,,3.0,2.0,2.0,,2.0,2.0,0.25,0.125,0.18181818181818182,1.0,3.0,2.0,6.0,,,,,,,,,0.3333333333333333,,,,,,,,,,,,,,,,,2026
203825,1611661324,Kayla McBride,Kayla McBride,203825,MIN,3542.4,4,59.0,-3.0,280,286,50.0,80.0,29.0,566,8.0,10.0,2.0,2.0,1.0,6.0,5.0,11.0,2.0,4.0,4.0,16.0,14.0,27.0,6.0,20.0,19.0,65.0,304,4.0,5.0,8.0,2.0,4.0,13.0,24.0,4.0,18.0,16.0,4.0,1.0,5.0,2.0,7.0,2.0,,4.0,16.0,1.0,2.0,8.0,6.0,16.0,3.0,19.0,1.0,7.0,3.0,4.0,7.0,1.0,3.0,1.0,4.0,,8.0,,3.0,2.0,8.0,1.0,18.0,,,22.0,6.0,57.0,11.0,48.0,3.0,,,,3.0,,,107.5,106.2937062937063,0.8571428571428571,1.0,1.0,0.3,0.3,0.5185185185185185,0.8,0.5,0.48936170212765956,0.8,0.5,0.5625,0.8,0.65,0.425531914893617,0.037037037037037035,,0.16666666666666666,20.578778135048232,0.875,0.08108108108108109,0.029850746268656716,0.13559322033898305,0.023255813953488372,0.10526315789473684,0.02727272727272727,0.043478260869565216,0.047619047619047616,,0.1,0.05,0.041666666666666664,0.09090909090909091,0.26666666666666666,0.038461538461538464,0.2127659574468085,0.8,0.8,0.75,0.1276595744680851,0.16666666666666666,0.2,1.0,0.23404255319148937,0.45454545454545453,0.45454545454545453,1.0,0.0851063829787234,0.5,0.5,1.0,0.3404255319148936,0.25,0.25,1.0,0.2857142857142857,1.0,0.6382978723404256,0.25,0.5059808510638297,0.4906357142857143,0.12962962962962962,0.18181818181818182,0.12307692307692308,0.2,10.537037037037036,24.575,0.6,0.17857142857142858,4.0,4.0,,,,1.0,3.0,,,,1.0,3.0,6.0,,4.0,1.0,,,,1.0,,0.3333333333333333,0.3,0.8,1.0,,,,,0.42857142857142855,0.3333333333333333,0.62012,0.047619047619047616,0.5,0.3333333333333333,0.21428571428571427,,2.0,,,2.0,2.0,,2.0,1.0,0.15384615384615385,,,0.5,2.0,1.0,,,,2.0,,,,,,0.5,,,,,,,,,,,,,,,,,2026
1629484,1611661327,Megan Gustafson,Megan Gustafson,1629484,PDX,3517.0,5,59.0,-48.0,140,139,31.0,39.0,13.0,279,7.0,7.0,,,5.0,6.0,,,,1.0,2.0,9.0,12.0,13.0,2.0,10.0,7.0,37.0,177,2.0,2.0,6.0,,1.0,,20.0,4.0,6.0,9.0,2.0,,2.0,,2.0,,,1.0,4.0,2.0,1.0,3.0,7.0,10.0,3.0,13.0,,1.0,1.0,,,1.0,,3.0,,,3.0,,,3.0,10.0,,9.0,,1.0,9.0,5.0,31.0,,31.0,1.0,,2.0,,1.0,,,92.14285714285715,127.33812949640289,0.8333333333333334,1.0,1.0,0.2,0.2,0.9230769230769231,1.0,,0.6521739130434783,0.6666666666666666,,0.6851851851851852,0.75,,0.43478260869565216,,,,19.607843137254903,,0.28,0.03125,0.10344827586206896,0.06896551724137931,0.18518518518518517,0.04918032786885246,0.0625,,0.08333333333333333,,0.3076923076923077,0.375,0.125,,,0.30434782608695654,1.0,1.0,0.8571428571428571,0.2608695652173913,0.8333333333333334,0.8333333333333334,0.8,,,,,0.043478260869565216,,,,0.391304347826087,0.2222222222222222,0.2222222222222222,1.0,,,0.7391304347826086,0.2222222222222222,0.5128978260869566,0.4187166666666667,0.18518518518518517,0.29411764705882354,0.16216216216216217,,4.369230769230769,24.9,,0.22142857142857142,1.0,1.0,,,1.0,,2.0,,1.0,2.0,,2.0,,,4.0,1.0,,,1.0,,,,,0.3333333333333333,1.0,0.3333333333333333,,,,0.6666666666666666,,0.571375,,,,,,,,2.0,2.0,2.0,,2.0,1.0,,,,0.5,,,4.0,,,,,,,,,,,,,,,,,,,,,,,,,,2026
203855,1611661319,Stephanie Talbot,Stephanie Talbot,203855,LVA,3508.5,5,58.0,4.0,184,185,44.0,29.0,15.0,369,4.0,5.0,1.0,1.0,3.0,3.0,,1.0,,3.0,,2.0,7.0,9.0,,5.0,1.0,15.0,185,1.0,2.0,2.0,1.0,1.0,3.0,12.0,2.0,,2.0,,,4.0,3.0,7.0,3.0,,2.0,17.0,1.0,,8.0,2.0,11.0,1.0,12.0,,4.0,2.0,2.0,3.0,,3.0,1.0,,,4.0,1.0,,1.0,5.0,,3.0,,,2.0,,13.0,3.0,44.0,1.0,,,,,,,102.71739130434783,100.0,0.8571428571428571,0.8571428571428571,,,,0.7777777777777778,0.5,1.0,0.5,0.5,1.0,0.5,0.5,0.75,0.35714285714285715,,,,9.5,0.75,0.031746031746031744,,0.25,0.037037037037037035,0.10526315789473684,0.013513513513513514,,,0.047619047619047616,,,0.03333333333333333,0.2413793103448276,0.3333333333333333,,0.35714285714285715,0.8,0.8,0.75,0.21428571428571427,1.0,1.0,1.0,0.07142857142857142,,,,0.21428571428571427,,,,0.14285714285714285,,,,1.0,1.0,0.7142857142857143,,0.5581357142857143,0.7753,,,0.13333333333333333,0.2,5.6,23.8,,0.2391304347826087,1.0,2.0,,,,,,,,,,,1.0,,,2.0,,,,,,,0.1,1.0,0.5,,,,,,,0.6695,,1.0,,0.6,,1.0,,1.0,2.0,1.0,1.0,2.0,2.0,0.2,,,1.0,1.0,1.0,,1.0,1.0,,0.2,,,,0.5,1.0,,,,,,,,,,,,,,,,,2026
1642288,1611661329,Rickea Jackson,Rickea Jackson,1642288,CHI,3478.8,4,58.0,-15.0,233,237,42.0,68.0,30.0,470,5.0,9.0,,,8.0,21.0,5.0,9.0,5.0,7.0,1.0,14.0,18.0,39.0,6.0,21.0,18.0,72.0,248,2.0,3.0,8.0,1.0,5.0,14.0,20.0,16.0,15.0,14.0,1.0,3.0,6.0,2.0,8.0,1.0,1.0,5.0,18.0,,3.0,6.0,7.0,15.0,4.0,19.0,3.0,1.0,,1.0,5.0,1.0,5.0,3.0,,,8.0,1.0,1.0,3.0,7.0,1.0,14.0,,,22.0,9.0,64.0,14.0,42.0,2.0,,5.0,,,,,100.0,104.64135021097046,0.5555555555555556,0.5555555555555556,0.8333333333333334,0.2857142857142857,0.2857142857142857,0.46153846153846156,0.6666666666666666,0.2,0.45,0.5,0.35714285714285715,0.5071428571428571,0.5714285714285714,0.5833333333333334,0.35,0.07692307692307693,0.1111111111111111,0.09523809523809523,29.104477611940297,0.625,0.08860759493670886,0.038461538461538464,0.12244897959183673,,0.1015625,0.025210084033613446,0.037037037037037035,0.05263157894736842,,,0.09090909090909091,0.06521739130434782,0.15789473684210525,,0.0967741935483871,0.15,0.5555555555555556,0.625,0.6,0.35,0.38095238095238093,0.42105263157894735,0.5,0.15,0.5555555555555556,0.5555555555555556,0.6,0.11666666666666667,0.7142857142857143,0.7142857142857143,1.0,0.23333333333333334,0.07142857142857142,0.08333333333333333,,,,0.5,0.07142857142857142,0.4732366666666667,0.4016571428571428,0.1323529411764706,0.19148936170212766,0.1111111111111111,0.19444444444444445,8.664102564102564,24.26666666666667,0.38461538461538464,0.18025751072961374,1.0,1.0,1.0,,1.0,,1.0,,1.0,4.0,1.0,2.0,9.0,3.0,,1.0,,1.0,1.0,,,0.5,0.18181818181818182,0.25,1.0,0.25,,,0.14285714285714285,0.14285714285714285,,0.54875,,0.75,,0.07142857142857142,1.0,2.0,,1.0,6.0,4.0,2.0,7.0,3.0,0.5,0.1111111111111111,,0.42857142857142855,2.0,2.0,4.0,2.0,,1.0,0.09523809523809523,,1.0,1.0,0.14285714285714285,,,,,,1.0,,1.0,,,,,,,,,,2026
1643449,1611661323,Charlisse Leger-Walker,Charlisse Leger-Walker,1643449,CON,3433.8,6,57.0,-47.0,255,257,65.0,79.0,43.0,512,8.0,12.0,1.0,1.0,4.0,16.0,,1.0,,1.0,5.0,14.0,12.0,29.0,5.0,15.0,9.0,48.0,294,,2.0,2.0,2.0,5.0,13.0,12.0,12.0,15.0,14.0,5.0,2.0,12.0,2.0,14.0,2.0,,6.0,30.0,,1.0,4.0,5.0,9.0,1.0,10.0,,3.0,1.0,2.0,7.0,1.0,5.0,2.0,2.0,1.0,9.0,1.0,2.0,5.0,13.0,,10.0,1.0,,12.0,5.0,46.0,13.0,65.0,2.0,,10.0,1.0,4.0,,,96.86274509803923,114.39688715953308,0.5,0.5,1.0,0.3333333333333333,0.3333333333333333,0.41379310344827586,,0.4,0.4431818181818182,,0.5555555555555556,0.4897959183673469,0.16666666666666666,0.5909090909090909,0.3409090909090909,0.06896551724137931,,0.125,19.07894736842105,0.7777777777777778,0.08771929824561403,0.012048192771084338,0.10526315789473684,,0.09473684210526316,0.007407407407407408,,0.023255813953488372,,,0.06666666666666667,0.13333333333333333,0.09090909090909091,0.125,,0.2727272727272727,0.6666666666666666,0.6666666666666666,0.75,0.36363636363636365,0.25,0.2857142857142857,,0.022727272727272728,,,,0.022727272727272728,,,,0.3181818181818182,0.35714285714285715,0.35714285714285715,1.0,0.1111111111111111,1.0,0.6136363636363636,0.35714285714285715,0.481625,0.45752777777777776,0.10638297872340426,0.15625,0.041666666666666664,0.2708333333333333,5.675862068965517,25.12,0.3333333333333333,0.2549019607843137,,1.0,,,3.0,2.0,4.0,,3.0,2.0,2.0,4.0,3.0,,,3.0,3.0,,2.0,,,0.5,,0.2,,0.6,,,,0.4444444444444444,0.5,0.5418,,0.25,,,,,,,,,,,,,,,,2.0,2.0,3.0,,,,,,,,,,,,,,,,,,,,,,,,,,2026
1629568,1611661323,Kennedy Burke,Kennedy Burke,1629568,CON,3409.3,6,57.0,-55.0,321,323,81.0,122.0,49.0,644,5.0,13.0,,2.0,3.0,10.0,3.0,6.0,1.0,2.0,5.0,21.0,11.0,29.0,6.0,23.0,6.0,46.0,349,2.0,6.0,11.0,1.0,6.0,9.0,12.0,10.0,18.0,21.0,5.0,3.0,13.0,7.0,20.0,5.0,2.0,8.0,47.0,1.0,4.0,9.0,9.0,20.0,5.0,25.0,2.0,6.0,5.0,1.0,7.0,2.0,5.0,6.0,2.0,1.0,13.0,,2.0,8.0,15.0,2.0,7.0,,1.0,9.0,4.0,35.0,9.0,81.0,4.0,2.0,12.0,,7.0,1.0,,91.58878504672897,108.04953560371517,0.5454545454545454,0.6666666666666666,1.0,0.2608695652173913,0.2608695652173913,0.3793103448275862,0.3333333333333333,0.16666666666666666,0.38461538461538464,0.5555555555555556,0.3333333333333333,0.4,0.55,0.3333333333333333,0.4423076923076923,0.10344827586206896,0.15384615384615385,0.1,17.894736842105264,0.5384615384615384,0.11538461538461539,0.03389830508474576,0.17307692307692307,0.018867924528301886,0.13846153846153847,0.029239766081871343,0.05555555555555555,0.03278688524590164,0.022222222222222223,,0.18181818181818182,0.075,0.21621621621621623,0.06666666666666667,0.0625,0.25,0.38461538461538464,0.45454545454545453,0.4,0.19230769230769232,0.3,0.3333333333333333,0.6666666666666666,0.11538461538461539,0.5,0.5,0.6666666666666666,0.038461538461538464,0.5,0.5,1.0,0.40384615384615385,0.23809523809523808,0.23809523809523808,1.0,0.16666666666666666,,0.6923076923076923,0.23809523809523808,0.49733173076923076,0.47448333333333337,0.07272727272727272,0.125,0.2391304347826087,0.1956521739130435,6.56551724137931,25.11304347826087,0.2857142857142857,0.2523364485981308,2.0,4.0,,2.0,3.0,2.0,6.0,2.0,3.0,1.0,2.0,6.0,1.0,,4.0,5.0,,1.0,1.0,,0.6666666666666666,0.3333333333333333,0.125,0.4444444444444444,0.5,0.3333333333333333,0.6666666666666666,1.0,,0.5,0.3333333333333333,0.5235,,0.375,0.3333333333333333,0.4117647058823529,,2.0,,2.0,7.0,3.0,4.0,7.0,6.0,0.13333333333333333,,,0.8571428571428571,,,4.0,,,2.0,,,,,,,,,,,,,,,,,,,,,,,2026
1642782,1611661327,Sarah Ashlee Barker,Sarah Ashlee Barker,1642782,PDX,3401.5,5,57.0,-10.0,218,211,63.0,77.0,19.0,429,9.0,20.0,4.0,7.0,4.0,8.0,,,4.0,5.0,2.0,6.0,13.0,28.0,6.0,11.0,6.0,50.0,234,2.0,3.0,10.0,6.0,10.0,20.0,14.0,12.0,15.0,6.0,2.0,4.0,6.0,3.0,9.0,1.0,2.0,3.0,21.0,4.0,1.0,8.0,4.0,14.0,5.0,19.0,1.0,5.0,3.0,2.0,6.0,1.0,4.0,2.0,2.0,,8.0,3.0,2.0,4.0,11.0,,11.0,2.0,3.0,8.0,4.0,40.0,20.0,62.0,4.0,,3.0,,4.0,,,102.75229357798165,110.9004739336493,0.5384615384615384,0.5833333333333334,0.8333333333333334,0.5454545454545454,0.5454545454545454,0.4642857142857143,0.6666666666666666,0.6,0.5641025641025641,1.0,0.6428571428571429,0.5952380952380952,1.0,0.6666666666666666,0.28205128205128205,0.14285714285714285,0.15,0.125,21.09704641350211,0.75,0.08695652173913043,0.02127659574468085,0.19047619047619047,0.10256410256410256,0.13636363636363635,0.05813953488372093,0.043478260869565216,,0.0967741935483871,0.125,0.041666666666666664,0.1111111111111111,0.18181818181818182,0.2222222222222222,0.06666666666666667,0.5128205128205128,0.45,0.5294117647058824,0.5555555555555556,0.20512820512820512,0.5,0.5714285714285714,0.5,,,,,0.1282051282051282,0.8,0.8,0.75,0.15384615384615385,0.3333333333333333,0.3333333333333333,1.0,0.5,0.5714285714285714,0.7948717948717948,0.3333333333333333,0.5508576923076923,0.516625,0.0975609756097561,0.13333333333333333,0.2,0.4,3.7535714285714286,23.89090909090909,,0.2889908256880734,2.0,3.0,2.0,,,1.0,2.0,2.0,2.0,,2.0,4.0,2.0,3.0,2.0,2.0,1.0,,2.0,,1.0,0.5,0.25,0.6,0.6666666666666666,,,,0.14285714285714285,0.14285714285714285,0.5,0.6373,,0.18181818181818182,,0.2,,2.0,,,1.0,,1.0,1.0,1.0,0.2,,,1.0,1.0,1.0,8.0,,,,,,,,,0.5,,,,2.0,1.0,0.4,0.5,,,,,2.0,1.0,1.0,,,2026
1641650,1611661327,Haley Jones,Haley Jones,1641650,PDX,3396.0,5,57.0,-10.0,118,115,32.0,53.0,7.0,233,5.0,6.0,3.0,4.0,5.0,8.0,,,,1.0,,2.0,10.0,14.0,,3.0,6.0,26.0,139,1.0,1.0,2.0,5.0,8.0,14.0,12.0,8.0,,2.0,,,3.0,2.0,5.0,1.0,1.0,1.0,12.0,2.0,,5.0,3.0,9.0,2.0,11.0,,2.0,2.0,,2.0,2.0,2.0,4.0,,1.0,6.0,2.0,,5.0,9.0,,7.0,1.0,1.0,8.0,3.0,24.0,14.0,32.0,1.0,,,,,,,109.3220338983051,120.86956521739131,0.6,0.6666666666666666,,,,0.7142857142857143,1.0,0.625,0.5882352941176471,1.0,0.5555555555555556,0.6190476190476191,1.0,0.5833333333333334,0.17647058823529413,,,,21.6,0.3333333333333333,0.13043478260869565,,0.18518518518518517,0.10526315789473684,0.16,0.046511627906976744,,,0.0625,0.3333333333333333,0.14285714285714285,,0.21739130434782608,,,0.35294117647058826,0.8333333333333334,0.8333333333333334,0.6,0.47058823529411764,0.625,0.625,0.6,,,,,0.058823529411764705,,,,0.11764705882352941,,,,0.4444444444444444,0.75,0.5294117647058824,,0.47754117647058825,0.4885333333333333,0.15,0.17647058823529413,0.07692307692307693,0.5384615384615384,4.6000000000000005,24.566666666666666,,0.2711864406779661,1.0,1.0,1.0,,,,,,,,,1.0,4.0,,2.0,2.0,,,,,,,0.3333333333333333,1.0,1.0,,,,0.1111111111111111,,,,,,,,,1.0,,,,,,,,0.2,,,,1.0,1.0,,,,,,,,,,,,,,,,,,,,,1.0,,,,,,2026
1643467,1611661322,Cassandre Prosper,Cassandre Prosper,1643467,WAS,3365.0,4,56.0,-9.0,186,189,40.0,49.0,23.0,375,7.0,12.0,2.0,3.0,,3.0,,1.0,,4.0,1.0,4.0,7.0,16.0,1.0,8.0,1.0,18.0,207,1.0,2.0,2.0,2.0,4.0,4.0,8.0,6.0,3.0,4.0,1.0,2.0,4.0,1.0,5.0,1.0,,4.0,11.0,2.0,2.0,1.0,3.0,4.0,4.0,8.0,1.0,2.0,2.0,,4.0,,3.0,1.0,1.0,1.0,5.0,,1.0,6.0,20.0,1.0,7.0,,3.0,2.0,1.0,16.0,4.0,40.0,6.0,2.0,4.0,3.0,8.0,5.0,2.0,106.45161290322581,109.52380952380953,0.5714285714285714,0.6666666666666666,1.0,0.125,0.125,0.4375,0.5,0.5,0.3541666666666667,0.25,0.4,0.36,0.25,0.4,0.3333333333333333,0.125,0.08333333333333333,0.3333333333333333,14.018691588785046,0.8,0.05454545454545454,0.044444444444444446,0.023255813953488372,0.06896551724137931,0.04081632653061224,0.05405405405405406,,0.047619047619047616,0.1,,0.12,,,0.09090909090909091,0.07142857142857142,0.5,0.5833333333333334,0.6363636363636364,0.5714285714285714,0.125,,,,0.041666666666666664,,,,0.16666666666666666,,,,0.16666666666666666,0.25,0.25,1.0,0.6,0.6666666666666666,0.8333333333333334,0.25,0.5157541666666666,0.44966999999999996,0.04,0.058823529411764705,0.1111111111111111,0.2222222222222222,3.75625,23.7625,0.3333333333333333,0.21505376344086022,1.0,2.0,1.0,,,,,,2.0,,,1.0,,,2.0,,,,,,,,,0.5,0.5,,,,0.2,,,0.49275,,0.4,1.0,0.2857142857142857,,,,,1.0,,1.0,1.0,1.0,,,0.25,1.0,,,-1.0,,,,,,,,,,,2.0,7.0,2.0,,0.5,,,,,,,,,,,2026
1628909,1611661325,Kelsey Mitchell,Kelsey Mitchell,1628909,IND,3331.9,5,56.0,45.0,321,326,107.0,103.0,43.0,647,25.0,41.0,9.0,11.0,2.0,6.0,5.0,12.0,1.0,4.0,11.0,30.0,32.0,59.0,12.0,34.0,15.0,115.0,330,8.0,9.0,22.0,11.0,17.0,41.0,42.0,22.0,27.0,30.0,11.0,6.0,7.0,3.0,10.0,3.0,,7.0,23.0,2.0,2.0,,1.0,1.0,4.0,5.0,1.0,3.0,,3.0,5.0,1.0,4.0,4.0,1.0,,9.0,,1.0,8.0,16.0,1.0,21.0,1.0,3.0,20.0,5.0,93.0,41.0,107.0,1.0,,12.0,,12.0,,,116.82242990654206,101.22699386503068,0.65625,0.6774193548387096,0.75,0.35294117647058826,0.35294117647058826,0.5423728813559322,0.8888888888888888,0.6470588235294118,0.5376344086021505,0.7307692307692307,0.5862068965517241,0.5637254901960784,0.7333333333333333,0.6029411764705882,0.3655913978494624,0.1016949152542373,0.14634146341463414,,30.0,0.5555555555555556,0.0136986301369863,0.025974025974025976,,0.030303030303030304,0.008333333333333333,0.027972027972027972,0.023255813953488372,,0.03508771929824561,,0.030303030303030304,,,,0.024390243902439025,0.44086021505376344,0.6097560975609756,0.7142857142857143,0.68,0.06451612903225806,0.3333333333333333,0.3333333333333333,0.5,0.12903225806451613,0.4166666666666667,0.4166666666666667,0.6,0.043010752688172046,0.25,0.25,1.0,0.3225806451612903,0.36666666666666664,0.36666666666666664,0.7272727272727273,0.3793103448275862,0.8181818181818182,0.8064516129032258,0.36666666666666664,0.5402612903225806,0.4993448275862069,0.05154639175257732,0.07936507936507936,0.19130434782608696,0.3565217391304348,5.979661016949152,25.476470588235294,0.5,0.3333333333333333,7.0,8.0,1.0,,3.0,4.0,11.0,1.0,4.0,3.0,4.0,12.0,7.0,9.0,2.0,,,1.0,1.0,1.0,0.25,0.3333333333333333,,0.6153846153846154,0.875,0.23076923076923078,,,0.034482758620689655,0.3793103448275862,0.36363636363636365,0.54969375,,0.3125,0.3333333333333333,0.23809523809523808,,,,1.0,,,,,,,,0.06666666666666667,,4.0,4.0,3.0,,,,,,,,,0.8571428571428571,,,,1.0,,0.07692307692307693,,,,,,1.0,1.0,1.0,,,2026
1642809,1611661323,Saniya Rivers,Saniya Rivers,1642809,CON,3305.7,6,55.0,-51.0,300,299,78.0,96.0,51.0,599,4.0,9.0,1.0,4.0,2.0,7.0,7.0,17.0,,4.0,2.0,9.0,13.0,33.0,2.0,13.0,8.0,40.0,354,2.0,3.0,7.0,3.0,9.0,17.0,14.0,12.0,6.0,9.0,2.0,2.0,22.0,7.0,29.0,7.0,,14.0,65.0,1.0,1.0,7.0,5.0,12.0,2.0,14.0,,7.0,6.0,1.0,9.0,1.0,9.0,2.0,,,11.0,1.0,1.0,9.0,12.0,,9.0,1.0,1.0,10.0,2.0,33.0,17.0,78.0,1.0,,4.0,,,,,101.0,118.39464882943143,0.5384615384615384,0.5384615384615384,1.0,0.15384615384615385,0.15384615384615385,0.3939393939393939,0.6666666666666666,0.3333333333333333,0.34782608695652173,0.5,0.375,0.4,0.5,0.4473684210526316,0.2826086956521739,0.06060606060606061,0.1111111111111111,0.14285714285714285,16.897506925207757,0.8181818181818182,0.07352941176470588,0.009174311926605505,0.16279069767441862,0.022222222222222223,0.10810810810810811,0.012987012987012988,0.024390243902439025,,,0.125,0.13636363636363635,0.02857142857142857,0.16129032258064516,0.16666666666666666,,0.1956521739130435,0.4444444444444444,0.5,0.25,0.15217391304347827,0.2857142857142857,0.3333333333333333,0.5,0.3695652173913043,0.4117647058823529,0.4117647058823529,0.7142857142857143,0.08695652173913043,,,,0.1956521739130435,0.2222222222222222,0.2222222222222222,1.0,0.25,0.25,0.4782608695652174,0.2222222222222222,0.46215813953488377,0.49339642857142857,0.0625,0.058823529411764705,0.175,0.425,11.242424242424242,29.084615384615386,0.4,0.26,,,2.0,1.0,3.0,2.0,5.0,1.0,4.0,,2.0,7.0,5.0,,,6.0,2.0,1.0,1.0,1.0,0.25,0.2857142857142857,0.09090909090909091,,,0.42857142857142855,0.3333333333333333,1.0,0.125,0.3125,0.4,0.4447642857142857,0.07142857142857142,,0.4,0.6,,,,,3.0,2.0,,3.0,1.0,,,,0.3333333333333333,2.0,2.0,,,,,,,,,,,,,,1.0,,0.14285714285714285,,,,1.0,,,,,,,2026
203833,1611661319,Chelsea Gray,Chelsea Gray,203833,LVA,3262.8,5,54.0,25.0,297,300,75.0,63.0,32.0,597,2.0,3.0,,,6.0,11.0,2.0,6.0,,,13.0,23.0,10.0,20.0,13.0,23.0,1.0,60.0,315,2.0,2.0,20.0,2.0,4.0,4.0,10.0,10.0,39.0,23.0,13.0,,29.0,4.0,33.0,4.0,,13.0,70.0,,1.0,9.0,10.0,21.0,1.0,22.0,1.0,3.0,2.0,1.0,12.0,5.0,7.0,7.0,5.0,,19.0,,6.0,6.0,6.0,,3.0,,2.0,1.0,,40.0,4.0,75.0,,,,,,,,114.47811447811448,105.0,0.5,0.5,1.0,0.5652173913043478,0.5652173913043478,0.5,1.0,0.5,0.686046511627907,1.3571428571428572,0.2857142857142857,0.6976744186046512,1.4285714285714286,0.2857142857142857,0.5348837209302325,,,,18.78787878787879,0.631578947368421,0.09345794392523364,0.013513513513513514,0.15789473684210525,,0.11585365853658537,0.008547008547008548,,0.02857142857142857,,,0.08695652173913043,0.0851063829787234,0.16666666666666666,0.1111111111111111,0.05,0.06976744186046512,0.6666666666666666,0.6666666666666666,1.0,0.2558139534883721,0.5454545454545454,0.5454545454545454,0.3333333333333333,0.13953488372093023,0.3333333333333333,0.3333333333333333,0.5,,,,,0.5348837209302325,0.5652173913043478,0.5652173913043478,1.0,,,0.6046511627906976,0.5652173913043478,0.4668860465116279,0.4126071428571429,,,0.3333333333333333,0.06666666666666667,9.41,25.330434782608698,0.4,0.25252525252525254,,,,5.0,5.0,,3.0,5.0,5.0,1.0,,3.0,,,,15.0,1.0,1.0,,,1.0,,0.14285714285714285,,,0.7142857142857143,1.0,1.0,,0.42857142857142855,,0.49543,,,0.25,0.3,,2.0,,,4.0,1.0,3.0,4.0,2.0,0.15384615384615385,,,0.5,,,,,,,,,,,,,,,,,,,,,,,,,,,,,2026
1642785,1611661322,Sonia Citron,Sonia Citron,1642785,WAS,3262.1000000000004,4,54.0,10.0,266,265,68.0,75.0,32.0,531,12.0,13.0,3.0,3.0,8.0,12.0,1.0,1.0,2.0,6.0,3.0,12.0,21.0,26.0,5.0,18.0,23.0,80.0,266,,,,5.0,7.0,26.0,18.0,24.0,12.0,12.0,3.0,,4.0,3.0,7.0,2.0,1.0,3.0,17.0,1.0,2.0,6.0,3.0,10.0,4.0,14.0,1.0,6.0,4.0,2.0,5.0,,1.0,6.0,4.0,1.0,11.0,,2.0,3.0,8.0,,23.0,1.0,1.0,28.0,7.0,80.0,26.0,67.0,2.0,,5.0,,7.0,,,103.75939849624059,100.37735849056604,0.42857142857142855,0.42857142857142855,0.8,0.2777777777777778,0.2777777777777778,0.8076923076923077,,0.7142857142857143,0.6477272727272727,,0.45454545454545453,0.7053571428571429,,0.625,0.4090909090909091,,,,22.112211221122113,0.45454545454545453,0.039473684210526314,0.03076923076923077,0.0967741935483871,0.023255813953488372,0.06521739130434782,0.027777777777777776,0.03125,,0.030303030303030304,,0.05714285714285714,0.03333333333333333,0.10869565217391304,0.0625,0.058823529411764705,0.29545454545454547,0.9230769230769231,0.9230769230769231,0.4166666666666667,0.2727272727272727,0.6666666666666666,0.6666666666666666,0.5,0.022727272727272728,1.0,1.0,,0.13636363636363635,0.3333333333333333,0.4,1.0,0.2727272727272727,0.25,0.25,0.6666666666666666,0.2727272727272727,1.0,0.7045454545454546,0.25,0.5115056818181819,0.4403181818181818,0.14285714285714285,0.22580645161290322,,0.325,5.976923076923077,24.733333333333334,0.75,0.2556390977443609,,,1.0,,1.0,,3.0,,2.0,,,4.0,16.0,3.0,,,1.0,2.0,2.0,,,,,,,0.5,,,0.09090909090909091,0.2727272727272727,,0.557025,,1.0,,0.23076923076923078,1.0,1.0,,1.0,3.0,3.0,,3.0,1.0,0.125,0.1111111111111111,0.2,0.3333333333333333,7.0,7.0,,1.0,,2.0,0.05555555555555555,0.16666666666666666,,,,,,,,1.0,,0.5,,,,,,,,,,,2026
1642292,1611661329,Jacy Sheldon,Jacy Sheldon,1642292,CHI,3238.0,5,54.0,29.0,287,285,58.0,62.0,34.0,572,8.0,12.0,3.0,4.0,2.0,5.0,,,2.0,4.0,3.0,11.0,10.0,17.0,5.0,15.0,10.0,45.0,286,,,3.0,4.0,5.0,16.0,16.0,4.0,15.0,11.0,3.0,3.0,11.0,3.0,14.0,2.0,1.0,3.0,31.0,1.0,,5.0,6.0,11.0,1.0,12.0,,8.0,6.0,2.0,2.0,,2.0,2.0,,1.0,4.0,,,5.0,14.0,,12.0,,1.0,10.0,5.0,42.0,16.0,58.0,3.0,4.0,5.0,,18.0,,,109.7560975609756,100.35087719298245,0.8,0.8,1.0,0.3333333333333333,0.3333333333333333,0.5882352941176471,,0.8,0.546875,1.5,0.6875,0.6285714285714286,1.5,0.8,0.46875,0.17647058823529413,0.16666666666666666,0.2,12.037037037037036,0.5,0.06521739130434782,,0.08620689655172414,0.02631578947368421,0.07333333333333333,0.0078125,,,0.03225806451612903,,0.07142857142857142,0.0625,0.11627906976744186,,,0.375,0.6666666666666666,0.8,0.75,0.15625,0.4,0.5,1.0,,,,,0.125,0.5,0.5,1.0,0.34375,0.2727272727272727,0.3,1.0,0.5,0.75,0.84375,0.2727272727272727,0.51725,0.51429375,0.14705882352941177,0.2631578947368421,0.06666666666666667,0.35555555555555557,4.370588235294117,24.373333333333335,,0.20209059233449478,,,1.0,1.0,1.0,,2.0,1.0,1.0,,1.0,3.0,5.0,,,4.0,4.0,1.0,3.0,,1.0,0.3333333333333333,0.0625,,,1.0,1.0,1.0,0.125,0.25,,0.51105,,0.25,,0.6666666666666666,,,,,4.0,1.0,3.0,4.0,4.0,,,,1.0,1.0,1.0,3.0,1.0,1.0,1.0,0.06666666666666667,,,,0.09090909090909091,,,,,,1.0,,1.0,,,,,,,,,,2026
1642798,1611661328,Dominique Malonga,Dominique Malonga,1642798,SEA,2992.5,3,50.0,1.0,155,160,25.0,29.0,15.0,315,12.0,14.0,1.0,1.0,4.0,16.0,1.0,5.0,1.0,2.0,1.0,3.0,17.0,35.0,2.0,5.0,8.0,48.0,168,5.0,5.0,15.0,3.0,5.0,9.0,20.0,14.0,3.0,3.0,1.0,3.0,1.0,,1.0,,,1.0,2.0,1.0,4.0,9.0,7.0,17.0,5.0,22.0,1.0,3.0,2.0,1.0,2.0,,1.0,4.0,1.0,,6.0,,,4.0,8.0,1.0,11.0,,,15.0,7.0,33.0,9.0,23.0,,,5.0,,6.0,,,109.03225806451613,105.0,0.5882352941176471,0.7142857142857143,0.5,0.4,0.4,0.4857142857142857,1.0,0.6,0.5,1.0833333333333333,0.6,0.5106382978723404,1.0714285714285714,0.6428571428571429,0.125,0.08571428571428572,0.07142857142857142,0.125,30.63583815028902,0.3333333333333333,0.15217391304347827,0.1,0.23684210526315788,0.038461538461538464,0.19047619047619047,0.07575757575757576,0.1111111111111111,0.1,0.045454545454545456,,0.1,0.2631578947368421,0.24242424242424243,0.2,0.05555555555555555,0.35,0.8571428571428571,0.9230769230769231,0.5,0.4,0.25,0.2857142857142857,0.75,0.125,0.2,0.2,1.0,0.05,0.5,0.5,1.0,0.075,0.3333333333333333,0.3333333333333333,,0.2,1.0,0.475,0.3333333333333333,0.487585,0.42804000000000003,0.15217391304347827,0.17073170731707318,0.3125,0.1875,7.988571428571429,24.72,0.25,0.16129032258064516,3.0,3.0,,,,,,1.0,1.0,2.0,,,3.0,3.0,6.0,,,1.0,1.0,,1.0,,,0.5,1.0,,,,,,,0.5010875,,0.5,0.25,,,1.0,,2.0,6.0,5.0,1.0,6.0,2.0,0.2,,0.09090909090909091,0.3333333333333333,1.0,1.0,10.0,,,,,,,,,,,,,1.0,,0.16666666666666666,,,,,,1.0,1.0,1.0,,,2026
203824,1611661321,Odyssey Sims,Odyssey Sims,203824,DAL,2928.4,5,49.0,-17.0,218,221,48.0,49.0,24.0,439,8.0,12.0,1.0,2.0,4.0,12.0,1.0,2.0,,1.0,4.0,9.0,13.0,26.0,4.0,10.0,4.0,42.0,244,1.0,2.0,5.0,4.0,7.0,12.0,14.0,12.0,12.0,9.0,4.0,3.0,8.0,8.0,16.0,7.0,1.0,2.0,40.0,,,3.0,1.0,4.0,,4.0,,5.0,3.0,2.0,3.0,2.0,3.0,7.0,,,10.0,1.0,3.0,3.0,11.0,,11.0,,4.0,5.0,2.0,37.0,11.0,46.0,2.0,,-8.0,,1.0,,3.0,104.12844036697247,110.40723981900453,0.5384615384615384,0.5384615384615384,1.0,0.4,0.4,0.5,0.5,0.5714285714285714,0.5277777777777778,0.625,0.6875,0.5526315789473685,0.625,0.6666666666666666,0.2777777777777778,0.11538461538461539,,0.25,19.51219512195122,0.3,0.01818181818181818,,0.07142857142857142,,0.041237113402061855,,,,,,0.038461538461538464,,0.07692307692307693,,,0.3333333333333333,0.6666666666666666,0.6666666666666666,0.75,0.3333333333333333,0.3333333333333333,0.4444444444444444,0.25,0.05555555555555555,0.5,0.5,,0.027777777777777776,,,,0.25,0.4444444444444444,0.4444444444444444,1.0,0.25,0.5,0.6111111111111112,0.4444444444444444,0.5136444444444445,0.440525,0.05405405405405406,0.07407407407407407,0.11904761904761904,0.2857142857142857,5.953846153846154,25.36,0.42857142857142855,0.22018348623853212,1.0,1.0,,1.0,2.0,1.0,1.0,1.0,2.0,,1.0,1.0,1.0,,,2.0,4.0,,1.0,,0.5,1.0,,0.25,1.0,0.5,0.5,1.0,,0.125,1.0,0.5691625,,0.5,,0.16666666666666666,,,2.0,3.0,,,,,,,,,,1.0,,2.0,,,,,,,,,1.0,,,,,,,,,,,,,,,,,2026
1629498,1611661319,Jackie Young,Jackie Young,1629498,LVA,2893.9,5,48.0,42.0,310,311,77.0,66.0,31.0,621,9.0,18.0,2.0,5.0,5.0,18.0,5.0,9.0,,2.0,4.0,18.0,19.0,45.0,4.0,20.0,6.0,56.0,311,,1.0,1.0,4.0,10.0,10.0,12.0,26.0,12.0,18.0,4.0,2.0,24.0,7.0,31.0,6.0,1.0,16.0,69.0,,3.0,7.0,14.0,21.0,4.0,25.0,2.0,5.0,5.0,,7.0,,4.0,3.0,3.0,1.0,10.0,1.0,2.0,7.0,11.0,1.0,10.0,,2.0,7.0,3.0,55.0,10.0,77.0,,3.0,,,1.0,3.0,,113.87096774193549,100.0,0.3157894736842105,0.3157894736842105,1.0,0.2,0.2,0.4222222222222222,,0.4,0.38461538461538464,,0.26666666666666666,0.41044776119402987,,0.3125,0.3076923076923077,0.044444444444444446,0.05555555555555555,0.05555555555555555,22.38372093023256,0.7,0.1414141414141414,0.039473684210526314,0.11290322580645161,,0.13043478260869565,0.025,,0.07692307692307693,,,0.09523809523809523,0.17073170731707318,0.1111111111111111,0.125,0.05714285714285714,0.27692307692307694,0.5,0.5294117647058824,0.2222222222222222,0.27692307692307694,0.2777777777777778,0.29411764705882354,0.8,0.13846153846153847,0.5555555555555556,0.5555555555555556,,0.03076923076923077,,,,0.27692307692307694,0.2222222222222222,0.2222222222222222,1.0,0.3333333333333333,0.4,0.5846153846153846,0.2222222222222222,0.4823203125,0.4649533333333334,0.045454545454545456,0.06521739130434782,0.017857142857142856,0.17857142857142858,7.851111111111111,26.285000000000004,0.3333333333333333,0.24838709677419354,,1.0,2.0,,,,3.0,,,1.0,,5.0,2.0,,,4.0,4.0,1.0,2.0,,,,0.1875,1.0,,,,,0.13333333333333333,0.2,,0.6476,,0.125,,0.38461538461538464,1.0,,,1.0,3.0,2.0,1.0,3.0,1.0,,0.14285714285714285,,0.3333333333333333,1.0,1.0,6.0,,,1.0,,,,,,,,,,,,,,,,,,,,,,,2026
1628931,1611661331,Gabby Williams,Gabby Williams,1628931,GSV,2865.0,3,48.0,11.0,164,164,33.0,30.0,28.0,328,3.0,4.0,,,2.0,10.0,2.0,5.0,,1.0,8.0,19.0,7.0,19.0,8.0,20.0,6.0,44.0,167,1.0,3.0,7.0,1.0,3.0,10.0,8.0,6.0,18.0,19.0,8.0,1.0,5.0,3.0,8.0,,3.0,5.0,19.0,3.0,2.0,7.0,2.0,11.0,5.0,16.0,2.0,6.0,4.0,2.0,4.0,,1.0,4.0,3.0,1.0,8.0,,3.0,1.0,3.0,,8.0,,,8.0,2.0,37.0,10.0,33.0,,,,,,,,108.53658536585367,101.82926829268294,0.5714285714285714,0.5714285714285714,0.75,0.4,0.4,0.3684210526315789,0.3333333333333333,0.3333333333333333,0.48717948717948717,0.35714285714285715,0.8,0.5238095238095238,0.4375,0.8333333333333334,0.5128205128205128,0.05263157894736842,,0.1,25.252525252525253,0.5,0.04,0.04,0.25,0.06521739130434782,0.11538461538461539,0.052083333333333336,,0.07692307692307693,0.07894736842105263,,0.07142857142857142,0.041666666666666664,0.21739130434782608,0.4,0.09090909090909091,0.10256410256410256,0.75,0.75,0.6666666666666666,0.2564102564102564,0.2,0.2222222222222222,0.5,0.1282051282051282,0.4,0.4,0.5,0.02564102564102564,,,,0.48717948717948717,0.42105263157894735,0.42105263157894735,0.75,,,0.6153846153846154,0.42105263157894735,0.4616358974358974,0.39103,0.05,0.1,0.1590909090909091,0.22727272727272727,9.489473684210527,25.015,0.5,0.20121951219512196,,,,1.0,3.0,2.0,2.0,1.0,4.0,2.0,2.0,2.0,2.0,6.0,,,,,1.0,1.0,0.25,1.0,,,,0.42857142857142855,0.3333333333333333,1.0,,0.4,1.0,0.49817,,,,0.2727272727272727,,2.0,1.0,,1.0,1.0,,2.0,1.0,0.6666666666666666,,,0.5,1.0,1.0,,,,,,,1.0,1.0,,,2.0,,,1.0,,0.14285714285714285,,,,,,,,,,,2026
204329,1611661331,Kiah Stokes,Kiah Stokes,204329,GSV,2770.6000000000004,3,46.0,-7.0,120,121,13.0,12.0,23.0,241,3.0,5.0,,,3.0,6.0,,,,2.0,,2.0,6.0,11.0,,4.0,2.0,14.0,117,1.0,2.0,2.0,,,1.0,10.0,2.0,,2.0,,3.0,2.0,3.0,5.0,2.0,1.0,,13.0,1.0,2.0,4.0,11.0,15.0,3.0,18.0,,2.0,2.0,,,,,,,,,,,9.0,12.0,,2.0,,,4.0,1.0,12.0,1.0,13.0,,,3.0,,,,,91.66666666666667,96.69421487603306,0.8333333333333334,1.0,,,,0.5454545454545454,0.5,,0.4,0.3333333333333333,,0.4117647058823529,0.3333333333333333,0.5,0.26666666666666666,0.2727272727272727,0.4,0.16666666666666666,11.564625850340136,,0.2619047619047619,0.046511627906976744,0.16,0.025,0.22388059701492538,0.03614457831325301,,0.09090909090909091,,0.125,0.5,0.23809523809523808,0.15789473684210525,0.16666666666666666,,0.3333333333333333,0.6,1.0,0.6666666666666666,0.4,0.5,0.6,1.0,,,,,0.13333333333333333,,,,0.13333333333333333,,,,,,0.6,,0.47652333333333335,,0.0625,0.08333333333333333,0.14285714285714285,0.07142857142857142,5.218181818181818,23.55,0.3333333333333333,0.10833333333333334,1.0,1.0,,,1.0,,,,1.0,,,,1.0,,2.0,2.0,,,,,,,0.09090909090909091,0.3333333333333333,1.0,0.3333333333333333,,,,,,0.41465,,1.0,,0.25,,,,,7.0,4.0,3.0,8.0,5.0,,,,0.625,1.0,1.0,3.0,,,,,,1.0,1.0,,,,,,,,,,,,,,,,,,,2026
1642307,1611661328,Mackenzie Holmes,Mackenzie Holmes,1642307,SEA,2664.6,5,44.0,-33.0,150,148,47.0,29.0,19.0,298,6.0,9.0,3.0,3.0,3.0,5.0,,,1.0,2.0,1.0,2.0,9.0,14.0,2.0,4.0,5.0,29.0,184,1.0,2.0,4.0,3.0,3.0,11.0,16.0,2.0,6.0,2.0,1.0,1.0,1.0,2.0,3.0,2.0,,1.0,8.0,1.0,5.0,5.0,7.0,14.0,6.0,20.0,,3.0,3.0,,2.0,,1.0,,1.0,,2.0,,1.0,7.0,11.0,1.0,8.0,1.0,,5.0,2.0,25.0,11.0,47.0,1.0,,3.0,2.0,-3.0,,,100.66666666666667,124.32432432432432,0.8888888888888888,0.8888888888888888,1.0,0.5,0.5,0.6428571428571429,0.5,1.0,0.6666666666666666,0.5,0.9,0.725,0.6666666666666666,0.9166666666666666,0.2222222222222222,0.07142857142857142,0.1111111111111111,,12.865497076023392,1.0,0.18421052631578946,0.11363636363636363,0.25,0.034482758620689655,0.20689655172413793,0.0821917808219178,,0.13636363636363635,,0.1,0.0625,0.35294117647058826,0.25,,,0.5,0.6666666666666666,0.75,0.8333333333333334,0.2777777777777778,0.6,0.6,1.0,,,,,0.1111111111111111,0.5,0.5,1.0,0.1111111111111111,0.5,0.5,1.0,0.6,1.0,0.7222222222222222,0.5,0.51325,0.55269,0.10526315789473684,0.13333333333333333,0.13793103448275862,0.3793103448275862,4.107142857142857,23.875,,0.31333333333333335,1.0,1.0,,,,1.0,2.0,,,2.0,1.0,2.0,2.0,,,,,,1.0,,,0.5,,0.5,1.0,,,,,0.4,0.5,0.47855,,0.3333333333333333,,,,2.0,,,3.0,1.0,2.0,3.0,1.0,0.3333333333333333,,0.18181818181818182,0.3333333333333333,1.0,1.0,1.0,,,,,,,,,,,,,,,,,,,,,,,,,,2026
1628277,1611661330,Allisha Gray,Allisha Gray,1628277,ATL,2598.0,3,43.0,23.0,212,212,57.0,43.0,40.0,424,17.0,24.0,4.0,5.0,1.0,6.0,,4.0,,1.0,6.0,21.0,18.0,34.0,6.0,22.0,21.0,75.0,209,,1.0,7.0,4.0,7.0,14.0,24.0,12.0,18.0,21.0,6.0,3.0,3.0,1.0,4.0,1.0,,3.0,9.0,,1.0,11.0,6.0,18.0,3.0,21.0,,2.0,2.0,,4.0,,1.0,2.0,3.0,2.0,6.0,1.0,2.0,4.0,8.0,,16.0,,1.0,26.0,11.0,68.0,14.0,57.0,1.0,,8.0,,2.0,5.0,,109.43396226415094,98.58490566037736,0.6666666666666666,0.6666666666666666,1.0,0.2727272727272727,0.2727272727272727,0.5294117647058824,,0.5714285714285714,0.48214285714285715,0.3,0.4444444444444444,0.5681818181818182,0.5,0.5833333333333334,0.39285714285714285,0.08823529411764706,0.08333333333333333,0.16666666666666666,27.69230769230769,0.6666666666666666,0.10344827586206896,0.017241379310344827,0.2391304347826087,,0.16346153846153846,0.009009009009009009,0.027777777777777776,,,,0.04,,0.20512820512820512,0.42857142857142855,,0.42857142857142855,0.7083333333333334,0.7727272727272727,0.7058823529411765,0.10714285714285714,0.16666666666666666,0.2,,0.07142857142857142,,,,0.017857142857142856,,,,0.375,0.2857142857142857,0.2857142857142857,1.0,0.5555555555555556,0.8,0.8214285714285714,0.2857142857142857,0.5472080357142858,0.5018166666666667,0.21212121212121213,0.2619047619047619,0.09333333333333334,0.18666666666666668,4.605882352941176,25.113636363636363,,0.2688679245283019,,,,1.0,4.0,,2.0,1.0,4.0,4.0,,2.0,6.0,,,,,,3.0,3.0,0.25,,0.4166666666666667,,,0.8,0.25,1.0,,0.2222222222222222,,0.4865,0.125,0.42857142857142855,0.5,0.25,2.0,1.0,,,2.0,2.0,,3.0,,0.25,0.2,,,,,10.0,,,,,,1.0,1.0,,,,,,,,,,,,,,,,,1.0,,2026
1642286,1611661325,Caitlin Clark,Caitlin Clark,1642286,IND,2582.8999999999996,4,43.0,27.0,259,258,85.0,76.0,35.0,517,13.0,18.0,2.0,5.0,5.0,11.0,1.0,7.0,,,12.0,37.0,19.0,36.0,12.0,37.0,23.0,97.0,273,2.0,4.0,10.0,4.0,10.0,29.0,16.0,22.0,27.0,37.0,12.0,5.0,25.0,9.0,34.0,8.0,1.0,21.0,77.0,,1.0,7.0,11.0,19.0,1.0,20.0,1.0,4.0,4.0,,12.0,4.0,8.0,8.0,4.0,,20.0,1.0,6.0,5.0,12.0,,25.0,,,23.0,7.0,87.0,29.0,85.0,1.0,,7.0,,5.0,,,115.83011583011583,105.81395348837209,0.42105263157894735,0.42105263157894735,0.75,0.32432432432432434,0.32432432432432434,0.5277777777777778,0.5,0.4,0.5068493150684932,0.625,0.3181818181818182,0.5783132530120482,0.625,0.5,0.5068493150684932,0.1388888888888889,0.16666666666666666,0.09090909090909091,34.448160535117054,0.6,0.19642857142857142,0.016129032258064516,0.1891891891891892,,0.1935483870967742,0.008333333333333333,,0.05555555555555555,,,0.12,0.22727272727272727,0.16129032258064516,0.3333333333333333,0.02702702702702703,0.2465753424657534,0.7222222222222222,0.8666666666666667,0.38461538461538464,0.1506849315068493,0.45454545454545453,0.5,0.6,0.0958904109589041,0.14285714285714285,0.16666666666666666,,,,,,0.5068493150684932,0.32432432432432434,0.32432432432432434,0.75,0.22727272727272727,0.4,0.7534246575342466,0.32432432432432434,0.5016582191780822,0.4892681818181818,0.08974358974358974,0.17073170731707318,0.10309278350515463,0.29896907216494845,7.199999999999999,27.31621621621622,0.3333333333333333,0.3281853281853282,2.0,2.0,,2.0,4.0,2.0,12.0,2.0,4.0,,2.0,12.0,15.0,9.0,,3.0,1.0,,2.0,,0.5,0.16666666666666666,0.3333333333333333,0.25,1.0,0.5,0.5,0.5,,0.5454545454545454,0.16666666666666666,0.48623571428571427,,0.6,0.3333333333333333,0.4,,1.0,,4.0,4.0,4.0,,4.0,2.0,0.2,,,0.5,5.0,5.0,9.0,,,1.0,,,,,,1.0,,,,,,,,0.14285714285714285,,,,,,,,,2026
1627675,1611661324,Courtney Williams,Courtney Williams,1627675,MIN,2573.2,4,43.0,-8.0,249,257,48.0,70.0,25.0,506,3.0,7.0,1.0,2.0,4.0,10.0,13.0,25.0,,3.0,7.0,15.0,20.0,42.0,7.0,18.0,2.0,63.0,264,1.0,2.0,6.0,3.0,7.0,14.0,12.0,28.0,15.0,15.0,7.0,,11.0,6.0,17.0,5.0,1.0,9.0,40.0,,1.0,8.0,10.0,18.0,1.0,19.0,1.0,7.0,3.0,4.0,6.0,,6.0,,,,6.0,,3.0,3.0,7.0,1.0,2.0,,,3.0,1.0,57.0,14.0,46.0,2.0,,,,,,,102.81124497991966,102.72373540856032,0.3,0.3,0.7142857142857143,0.3888888888888889,0.3888888888888889,0.47619047619047616,0.5,0.42857142857142855,0.5083333333333333,0.8333333333333334,0.6,0.5081967213114754,0.8333333333333334,0.5909090909090909,0.3,,,,24.187725631768952,1.0,0.14492753623188406,0.014705882352941176,0.15384615384615385,,0.1487603305785124,0.009433962264150943,,0.05,,,0.15151515151515152,0.07142857142857142,0.175,0.08333333333333333,0.03125,0.11666666666666667,0.42857142857142855,0.42857142857142855,0.3333333333333333,0.16666666666666666,0.4,0.4,0.75,0.4166666666666667,0.52,0.52,0.15384615384615385,0.05,,,,0.25,0.4666666666666667,0.5,0.7142857142857143,0.2,0.5,0.4166666666666667,0.4666666666666667,0.4564725,0.476485,0.01639344262295082,0.023255813953488372,0.09523809523809523,0.2222222222222222,14.376190476190475,24.705555555555556,0.5,0.1927710843373494,,,,1.0,1.0,2.0,3.0,1.0,1.0,1.0,2.0,3.0,2.0,6.0,,,2.0,,,,1.0,0.6666666666666666,0.375,,,0.3333333333333333,1.0,1.0,,0.3,0.6666666666666666,0.4298166666666667,,0.5,0.08333333333333333,0.36363636363636365,,,,,2.0,1.0,,2.0,2.0,,,,1.0,,,,1.0,,1.0,0.05555555555555555,,,,0.06666666666666667,,,,,,,,,,,1.0,,,,,,,2026
203400,1611661329,Skylar Diggins,Skylar Diggins,203400,CHI,2569.0,4,43.0,-3.0,221,227,47.0,50.0,30.0,448,6.0,10.0,2.0,3.0,6.0,15.0,2.0,7.0,2.0,3.0,3.0,12.0,14.0,32.0,5.0,15.0,8.0,51.0,229,2.0,5.0,4.0,3.0,7.0,13.0,14.0,14.0,12.0,12.0,3.0,4.0,17.0,4.0,21.0,3.0,1.0,10.0,46.0,,3.0,9.0,7.0,16.0,3.0,19.0,1.0,4.0,2.0,2.0,3.0,1.0,2.0,1.0,1.0,,4.0,,,3.0,10.0,2.0,9.0,,,13.0,7.0,47.0,13.0,47.0,2.0,,3.0,2.0,,,,102.26244343891403,100.88105726872247,0.5,0.5384615384615384,0.8,0.3333333333333333,0.3333333333333333,0.4375,0.4,0.42857142857142855,0.4574468085106383,0.3333333333333333,0.45,0.4811320754716981,0.3333333333333333,0.5,0.3191489361702128,0.125,0.1,0.2,22.178988326848252,0.75,0.09090909090909091,0.04,0.1956521739130435,,0.13008130081300814,0.02631578947368421,0.03225806451612903,0.05555555555555555,,,,0.12195121951219512,0.2222222222222222,0.1,0.045454545454545456,0.2127659574468085,0.6,0.6666666666666666,0.3333333333333333,0.3191489361702128,0.4,0.5,0.6666666666666666,0.14893617021276595,0.2857142857142857,0.2857142857142857,0.5,0.06382978723404255,0.6666666666666666,0.6666666666666666,1.0,0.2553191489361702,0.25,0.2727272727272727,0.6666666666666666,0.3,0.6666666666666666,0.5319148936170213,0.25,0.4899340425531915,0.48262,0.1320754716981132,0.18421052631578946,0.0784313725490196,0.2549019607843137,8.11875,24.40666666666667,0.4444444444444444,0.21266968325791855,1.0,2.0,1.0,,1.0,1.0,2.0,,1.0,,1.0,3.0,4.0,3.0,2.0,6.0,1.0,,1.0,,,0.3333333333333333,0.13333333333333333,0.3333333333333333,0.5,0.16666666666666666,,,0.1,0.2,0.5,0.45925,,,0.4,0.2222222222222222,,,,,3.0,2.0,1.0,5.0,1.0,,,,0.2,,,,1.0,,,0.06666666666666667,,2.0,1.0,0.08333333333333333,,,,,,,,,,1.0,,,,,,,,2026
1643420,1611661332,Laura Juskaite,Laura Juskaite,1643420,TOR,2497.5,5,42.0,34.0,182,182,49.0,51.0,22.0,364,4.0,8.0,2.0,3.0,4.0,6.0,,,2.0,4.0,3.0,7.0,8.0,14.0,5.0,11.0,9.0,40.0,186,3.0,4.0,10.0,3.0,4.0,14.0,10.0,6.0,12.0,7.0,3.0,2.0,3.0,2.0,5.0,1.0,1.0,3.0,12.0,4.0,1.0,7.0,4.0,15.0,5.0,20.0,,7.0,5.0,2.0,3.0,,1.0,4.0,2.0,2.0,7.0,,1.0,5.0,21.0,4.0,9.0,1.0,1.0,11.0,3.0,30.0,14.0,49.0,2.0,,14.0,,5.0,,4.0,120.87912087912088,102.19780219780219,0.625,0.8333333333333334,0.8,0.45454545454545453,0.45454545454545453,0.5714285714285714,0.75,0.75,0.62,0.6428571428571429,0.75,0.6666666666666666,0.625,0.7777777777777778,0.44,0.14285714285714285,0.25,,17.289719626168225,0.42857142857142855,0.13793103448275862,0.02127659574468085,0.1891891891891892,0.08695652173913043,0.16666666666666666,0.053763440860215055,,,0.06060606060606061,0.15384615384615385,0.1,0.14285714285714285,0.24,0.08333333333333333,,0.32,0.5,0.6666666666666666,0.25,0.24,0.6666666666666666,0.6666666666666666,1.0,,,,,0.16,0.5,0.5,1.0,0.28,0.42857142857142855,0.42857142857142855,0.6666666666666666,0.5,0.6666666666666666,0.76,0.42857142857142855,0.5353220000000001,0.5525083333333333,0.1111111111111111,0.1875,0.25,0.35,4.514285714285714,24.636363636363637,,0.2692307692307692,3.0,3.0,1.0,1.0,3.0,,1.0,1.0,3.0,1.0,1.0,2.0,5.0,3.0,4.0,,,,1.0,,0.3333333333333333,0.5,0.2,0.42857142857142855,1.0,0.42857142857142855,0.3333333333333333,,0.16666666666666666,0.16666666666666666,,0.51735,,0.75,,0.5,,4.0,,2.0,,,,,,0.4,,0.125,,3.0,2.0,17.0,,,,,,,,,,,,,,1.0,,1.0,,,,1.0,,,,,,2026
1642290,1611661323,Aaliyah Edwards,Aaliyah Edwards,1642290,CON,2460.8,3,41.0,-30.0,119,123,15.0,30.0,15.0,242,10.0,14.0,1.0,2.0,1.0,3.0,2.0,4.0,,,,2.0,13.0,21.0,,2.0,4.0,30.0,141,3.0,5.0,7.0,1.0,2.0,3.0,16.0,10.0,,2.0,,2.0,2.0,1.0,3.0,1.0,,1.0,7.0,1.0,2.0,,4.0,5.0,4.0,9.0,,4.0,2.0,2.0,5.0,,3.0,3.0,2.0,,8.0,,,4.0,8.0,1.0,9.0,,2.0,5.0,2.0,23.0,3.0,15.0,1.0,,4.0,,12.0,,,93.27731092436976,114.63414634146342,0.6153846153846154,0.7272727272727273,,,,0.6190476190476191,0.6,0.5,0.5652173913043478,0.5,0.5,0.6,0.5833333333333334,0.5,0.08695652173913043,0.09523809523809523,0.14285714285714285,,23.91304347826087,0.625,0.13793103448275862,0.058823529411764705,,0.041666666666666664,0.08333333333333333,0.05172413793103448,0.08333333333333333,0.06666666666666667,0.05,,0.2,0.125,,,,0.6086956521739131,0.7142857142857143,0.8333333333333334,0.6,0.13043478260869565,0.3333333333333333,0.3333333333333333,,0.17391304347826086,0.5,0.5,1.0,,,,,0.08695652173913043,,,,1.0,0.5,0.6956521739130435,,0.4937478260869565,0.4917,0.08333333333333333,0.09090909090909091,0.23333333333333334,0.1,6.238095238095238,23.95,0.5,0.12605042016806722,3.0,5.0,,,1.0,,,,1.0,1.0,,,1.0,,4.0,1.0,,2.0,1.0,,,,,0.8333333333333334,0.6,0.16666666666666666,,,,,,0.551225,,0.75,,0.5,1.0,1.0,,1.0,1.0,1.0,,1.0,,0.2,0.5,,,1.0,1.0,2.0,,1.0,,,,,,,,,,,,,,,,,,,,,,,,2026
1642804,1611661330,Te-Hina Paopao,Te-Hina Paopao,1642804,ATL,2439.2000000000003,3,41.0,-5.0,150,153,39.0,29.0,25.0,303,3.0,7.0,,2.0,1.0,4.0,1.0,1.0,1.0,1.0,3.0,15.0,5.0,12.0,4.0,16.0,5.0,27.0,145,3.0,4.0,9.0,1.0,3.0,11.0,4.0,6.0,9.0,15.0,3.0,4.0,5.0,2.0,7.0,2.0,,5.0,16.0,,1.0,2.0,7.0,9.0,1.0,10.0,,1.0,,1.0,3.0,1.0,2.0,2.0,1.0,,5.0,,1.0,6.0,10.0,,6.0,,,6.0,3.0,18.0,11.0,39.0,,,10.0,,4.0,1.0,3.0,93.33333333333333,94.77124183006536,0.4,0.5,0.75,0.25,0.25,0.4166666666666667,0.75,0.3333333333333333,0.39285714285714285,0.6428571428571429,0.55,0.43548387096774194,0.6428571428571429,0.55,0.5714285714285714,0.3333333333333333,0.42857142857142855,0.25,20.0,0.6,0.175,0.02564102564102564,0.06451612903225806,,0.1267605633802817,0.0125,,0.08333333333333333,,,,0.23529411764705882,0.07692307692307693,,,0.25,0.42857142857142855,0.75,,0.14285714285714285,0.25,0.3333333333333333,1.0,0.03571428571428571,1.0,1.0,1.0,0.03571428571428571,1.0,1.0,1.0,0.5357142857142857,0.2,0.2,0.6666666666666666,0.2,,0.8214285714285714,0.2,0.52305,0.539585,0.0967741935483871,0.2,0.3333333333333333,0.4074074074074074,5.658333333333334,25.4125,0.3333333333333333,0.26,2.0,3.0,1.0,,2.0,2.0,6.0,1.0,3.0,,3.0,7.0,,3.0,2.0,,,,,,0.3333333333333333,0.42857142857142855,0.3,0.42857142857142855,0.6666666666666666,0.2857142857142857,,,0.1,0.6,0.3333333333333333,0.5468785714285714,,0.75,,0.16666666666666666,,,,1.0,2.0,1.0,1.0,2.0,2.0,,,,1.0,,,,,,,,,,,,,,,,1.0,1.0,0.14285714285714285,1.0,,,,,1.0,1.0,1.0,,,2026
1627700,1611661332,Julie Allemand,Julie Allemand,1627700,TOR,2409.6,3,40.0,-5.0,162,164,46.0,45.0,20.0,326,,,,,1.0,1.0,1.0,3.0,,3.0,2.0,4.0,2.0,4.0,2.0,7.0,,10.0,158,,,3.0,,1.0,3.0,,4.0,6.0,4.0,2.0,,9.0,3.0,12.0,2.0,1.0,5.0,27.0,,,2.0,4.0,7.0,,7.0,,6.0,4.0,2.0,4.0,,4.0,,,,4.0,,1.0,,2.0,,4.0,,1.0,,,7.0,3.0,46.0,,,,,,,,94.44444444444444,96.34146341463415,,,1.0,0.2857142857142857,0.2857142857142857,0.5,,,0.45454545454545453,1.5,0.375,0.45454545454545453,1.5,0.375,0.6363636363636364,,,,8.108108108108107,1.0,0.12903225806451613,,0.07407407407407407,,0.10344827586206896,,,,,,,0.2857142857142857,0.05,0.14285714285714285,,,,,,0.09090909090909091,1.0,1.0,,0.2727272727272727,0.3333333333333333,0.3333333333333333,,0.2727272727272727,,,,0.36363636363636365,0.5,0.5,1.0,,,0.6363636363636364,0.5,0.47797272727272727,0.484475,,,0.3,0.3,16.575,24.25714285714286,,0.2839506172839506,,,1.0,1.0,1.0,1.0,2.0,1.0,1.0,,1.0,3.0,,,,1.0,3.0,,,,1.0,0.3333333333333333,,,,1.0,1.0,1.0,0.25,0.5,0.5,,,,0.5,0.4,,1.0,,,,,,,,0.16666666666666666,,,,,,,,,,,,,,,,,,,,,,,,,,1.0,,,,,,2026
1630442,1611661317,Natasha Mack,Natasha Mack,1630442,PHX,2371.5,5,40.0,31.0,257,253,61.0,35.0,30.0,510,9.0,11.0,3.0,4.0,11.0,16.0,,1.0,1.0,2.0,,,20.0,28.0,1.0,2.0,9.0,52.0,253,4.0,7.0,8.0,4.0,9.0,9.0,30.0,10.0,3.0,,,3.0,7.0,1.0,8.0,1.0,,2.0,17.0,4.0,9.0,10.0,19.0,30.0,13.0,43.0,1.0,3.0,2.0,1.0,1.0,2.0,1.0,3.0,,,4.0,,3.0,11.0,14.0,,7.0,,1.0,11.0,5.0,44.0,9.0,61.0,1.0,,2.0,,5.0,1.0,1.0,110.50583657587549,100.00000000000001,0.75,0.9375,1.0,0.5,0.5,0.7142857142857143,0.5714285714285714,0.4444444444444444,0.7166666666666667,0.5714285714285714,0.4444444444444444,0.7428571428571429,0.5714285714285714,0.45,0.06666666666666667,0.10714285714285714,0.18181818181818182,0.0625,13.588850174216027,0.25,0.2753623188405797,0.1232876712328767,0.18518518518518517,0.09302325581395349,0.23577235772357724,0.11206896551724138,0.07692307692307693,0.09302325581395349,0.10256410256410256,,0.2222222222222222,0.21875,0.20454545454545456,0.1,0.16666666666666666,0.36666666666666664,0.8181818181818182,1.0,0.5555555555555556,0.5333333333333333,0.6875,0.7333333333333333,0.9090909090909091,0.03333333333333333,,,,0.06666666666666667,0.5,0.5,1.0,,,,,0.4444444444444444,0.75,0.43333333333333335,,0.470675,0.47572222222222227,0.14705882352941177,0.15625,0.15384615384615385,0.17307692307692307,5.846428571428571,23.5,0.4,0.23735408560311283,4.0,5.0,,,,,,,,,,,1.0,,8.0,5.0,,,1.0,,,,0.42105263157894735,0.7142857142857143,0.8,,,,,,,0.459475,,0.5,,1.0,,1.0,,1.0,9.0,5.0,4.0,9.0,5.0,0.25,,0.23529411764705882,0.5555555555555556,1.0,,-3.0,,,,,,,,,,,,,,,,,,,,,,,,,,2026
1631044,1611661330,Naz Hillmon,Naz Hillmon,1631044,ATL,2357.8,3,39.0,28.0,203,200,53.0,37.0,37.0,403,5.0,12.0,3.0,5.0,1.0,1.0,,,2.0,6.0,,5.0,6.0,13.0,2.0,11.0,4.0,22.0,194,2.0,2.0,4.0,4.0,6.0,15.0,6.0,6.0,6.0,5.0,,4.0,3.0,,3.0,,,1.0,6.0,1.0,4.0,4.0,6.0,10.0,5.0,15.0,,1.0,,1.0,,,,1.0,,,1.0,,,4.0,8.0,,6.0,,,8.0,3.0,18.0,15.0,53.0,,3.0,6.0,1.0,9.0,,,109.35960591133006,97.0,0.5,0.75,1.0,0.18181818181818182,0.18181818181818182,0.46153846153846156,1.0,0.6666666666666666,0.375,1.0,0.7,0.39285714285714285,1.0,0.6818181818181818,0.4583333333333333,0.3076923076923077,0.3333333333333333,,11.788617886178862,,0.10909090909090909,0.07547169811320754,0.09523809523809523,0.02,0.10309278350515463,0.04854368932038835,0.06060606060606061,0.06666666666666667,0.023255813953488372,,0.10526315789473684,0.045454545454545456,0.11428571428571428,,,0.5,0.4166666666666667,0.625,0.4,0.041666666666666664,1.0,1.0,1.0,,,,,0.25,0.3333333333333333,0.3333333333333333,1.0,0.20833333333333334,,,,0.5,0.6,0.9583333333333334,,0.5568104166666666,0.55578,0.1111111111111111,0.1875,0.18181818181818182,0.6818181818181818,2.4615384615384617,23.518181818181816,,0.26108374384236455,2.0,2.0,3.0,,,,1.0,,,,2.0,4.0,1.0,,4.0,1.0,1.0,,,,,0.5,0.21428571428571427,1.0,1.0,,,,0.3,0.1,,0.568,,0.42857142857142855,,0.3333333333333333,,,,1.0,,,,,,,,0.2,,1.0,1.0,8.0,,,,,,,,,,,,,,2.0,,0.6666666666666666,,,,,,,,,,2026
1627674,1611661317,Kahleah Copper,Kahleah Copper,1627674,PHX,2294.4,5,38.0,6.0,336,339,97.0,58.0,43.0,675,13.0,21.0,1.0,2.0,8.0,24.0,4.0,15.0,,,4.0,26.0,25.0,60.0,4.0,26.0,27.0,89.0,365,3.0,5.0,10.0,4.0,12.0,26.0,28.0,22.0,12.0,26.0,4.0,10.0,8.0,5.0,13.0,2.0,3.0,4.0,31.0,,1.0,7.0,2.0,9.0,1.0,10.0,1.0,6.0,4.0,2.0,8.0,2.0,4.0,7.0,4.0,1.0,15.0,1.0,5.0,2.0,9.0,1.0,27.0,3.0,3.0,32.0,11.0,79.0,24.0,95.0,,,2.0,,,,,110.41666666666667,107.66961651917404,0.56,0.56,1.0,0.15384615384615385,0.15384615384615385,0.4166666666666667,0.6,0.3333333333333333,0.36046511627906974,0.5,0.30434782608695654,0.4494949494949495,0.625,0.43333333333333335,0.3023255813953488,0.16666666666666666,0.09523809523809523,0.2916666666666667,29.921259842519685,0.5333333333333333,0.023809523809523808,0.010869565217391304,0.10294117647058823,,0.05921052631578947,0.006535947712418301,0.045454545454545456,,,,,0.05128205128205128,0.08620689655172414,0.2,0.021739130434782608,0.2441860465116279,0.6190476190476191,0.6842105263157895,0.5384615384615384,0.27906976744186046,0.3333333333333333,0.47058823529411764,0.625,0.1744186046511628,0.26666666666666666,0.2857142857142857,0.5,,,,,0.3023255813953488,0.15384615384615385,0.16,1.0,0.08695652173913043,0.5,0.5465116279069767,0.15384615384615385,0.5185372093023256,0.4749717391304348,0.1276595744680851,0.16417910447761194,0.11235955056179775,0.29213483146067415,7.6483333333333325,25.200000000000003,0.5,0.28869047619047616,3.0,4.0,,,1.0,2.0,11.0,,1.0,4.0,2.0,11.0,12.0,,,4.0,,2.0,4.0,1.0,,0.18181818181818182,,0.6666666666666666,0.75,0.16666666666666666,,,,0.4782608695652174,0.18181818181818182,0.62092,0.037037037037037035,0.375,0.36363636363636365,0.18181818181818182,,,,2.0,,,,,,,,,,5.0,4.0,,1.0,,,0.038461538461538464,,,,0.038461538461538464,0.6666666666666666,,,,,,,,0.06666666666666667,,,,,,,,,2026
203828,1611661328,Stefanie Dolson,Stefanie Dolson,203828,SEA,2281.1,5,38.0,-1.0,253,260,84.0,74.0,30.0,513,5.0,7.0,1.0,1.0,3.0,5.0,1.0,1.0,,1.0,3.0,10.0,9.0,13.0,3.0,11.0,10.0,37.0,259,2.0,2.0,5.0,2.0,2.0,8.0,14.0,4.0,9.0,10.0,3.0,,7.0,,7.0,,,3.0,14.0,,3.0,4.0,12.0,17.0,3.0,20.0,,2.0,1.0,1.0,2.0,,2.0,6.0,,,8.0,,1.0,7.0,18.0,2.0,15.0,3.0,1.0,12.0,3.0,32.0,8.0,82.0,,1.0,10.0,,2.0,2.0,5.0,101.97628458498025,99.61538461538461,0.7777777777777778,0.875,1.0,0.2727272727272727,0.2727272727272727,0.6923076923076923,1.0,1.0,0.5625,0.6666666666666666,0.4,0.6166666666666667,0.625,0.5714285714285714,0.4583333333333333,,,,13.240418118466899,0.25,0.15584415584415584,0.04225352112676056,0.06557377049180328,,0.11594202898550725,0.02586206896551724,0.08,0.037037037037037035,,,0.22580645161290322,0.13333333333333333,0.08,,,0.2916666666666667,0.7142857142857143,0.7142857142857143,0.8,0.20833333333333334,0.6,0.6,1.0,0.041666666666666664,1.0,1.0,,0.041666666666666664,,,,0.4166666666666667,0.3,0.3,1.0,0.2,1.0,0.75,0.3,0.5098020833333333,0.52184,0.1111111111111111,0.1875,0.13513513513513514,0.21621621621621623,5.846153846153846,25.272727272727273,0.5,0.33201581027667987,1.0,1.0,,,1.0,,3.0,,1.0,1.0,,3.0,4.0,,2.0,2.0,2.0,,,,,,0.0625,0.3333333333333333,1.0,0.3333333333333333,,,,0.6,,0.48866666666666664,,,,,,1.0,,5.0,6.0,2.0,4.0,7.0,4.0,0.14285714285714285,,,0.5714285714285714,3.0,2.0,1.0,,,,,,1.0,1.0,,,,,,,,,,,,,,,,,,,2026
1642792,1611661322,Kiki Iriafen,Kiki Iriafen,1642792,WAS,2260.3999999999996,4,38.0,3.0,238,237,58.0,69.0,29.0,475,21.0,30.0,6.0,7.0,2.0,8.0,,2.0,1.0,1.0,1.0,4.0,23.0,40.0,2.0,5.0,14.0,66.0,249,11.0,12.0,26.0,6.0,9.0,17.0,22.0,24.0,6.0,4.0,1.0,2.0,5.0,4.0,9.0,2.0,2.0,4.0,22.0,2.0,13.0,12.0,21.0,35.0,16.0,51.0,2.0,3.0,2.0,1.0,6.0,2.0,3.0,6.0,3.0,,12.0,2.0,1.0,2.0,15.0,4.0,20.0,4.0,,21.0,9.0,40.0,17.0,57.0,1.0,,7.0,,2.0,3.0,9.0,105.88235294117648,105.0632911392405,0.4782608695652174,0.7333333333333333,1.0,0.4,0.4,0.575,0.9166666666666666,0.6666666666666666,0.5777777777777777,0.9166666666666666,0.6,0.6,0.8666666666666667,0.6071428571428571,0.1111111111111111,0.05,0.03333333333333333,0.125,24.542124542124544,0.5,0.2916666666666667,0.22413793103448276,0.23529411764705882,0.058823529411764705,0.2682926829268293,0.16304347826086957,0.25925925925925924,0.2,,0.2,0.3125,0.2962962962962963,0.2631578947368421,0.15384615384615385,0.1111111111111111,0.6666666666666666,0.7,0.7241379310344828,0.5238095238095238,0.17777777777777778,0.25,0.2857142857142857,,0.044444444444444446,,,,0.022222222222222223,1.0,1.0,1.0,0.08888888888888889,0.25,0.25,1.0,0.7,0.8571428571428571,0.7777777777777778,0.25,0.5539568181818182,0.5482333333333334,0.16981132075471697,0.1875,0.3939393939393939,0.25757575757575757,3.9975,27.919999999999998,,0.24369747899159663,11.0,12.0,,,,,1.0,,,4.0,,1.0,5.0,,16.0,1.0,,,1.0,,,,0.23076923076923078,1.0,0.9166666666666666,,,,,0.1,,0.6361777777777777,,0.3333333333333333,,1.0,1.0,2.0,,2.0,2.0,2.0,,2.0,2.0,0.5,0.1111111111111111,0.16666666666666666,1.0,2.0,2.0,2.0,,,,,,,,,0.18181818181818182,,,5.0,,,,,,,,,,,,,,2026
1630097,1611661331,Kaila Charles,Kaila Charles,1630097,GSV,2251.2000000000003,3,38.0,11.0,143,147,35.0,36.0,23.0,290,2.0,3.0,,,2.0,5.0,,1.0,2.0,2.0,1.0,8.0,4.0,9.0,3.0,10.0,2.0,19.0,155,2.0,3.0,4.0,1.0,1.0,7.0,2.0,6.0,9.0,8.0,1.0,1.0,4.0,1.0,5.0,1.0,,2.0,11.0,2.0,5.0,6.0,4.0,11.0,8.0,19.0,,1.0,1.0,,2.0,1.0,1.0,2.0,1.0,1.0,4.0,,1.0,7.0,13.0,,3.0,,1.0,2.0,1.0,15.0,7.0,35.0,1.0,,8.0,,13.0,,1.0,116.0839160839161,105.4421768707483,0.25,0.5,1.0,0.3,0.3,0.4444444444444444,0.6666666666666666,1.0,0.4473684210526316,0.5,0.5,0.475,0.5,0.5833333333333334,0.5263157894736842,0.1111111111111111,,0.2,14.201183431952662,0.5,0.1,0.11904761904761904,0.21428571428571427,0.05555555555555555,0.14705882352941177,0.08974358974358974,0.16666666666666666,0.08695652173913043,0.03333333333333333,0.16666666666666666,0.18181818181818182,0.05555555555555555,0.21739130434782608,0.2,,0.15789473684210525,0.6666666666666666,0.6666666666666666,,0.2631578947368421,0.4,0.5,0.5,0.05263157894736842,,,,0.10526315789473684,1.0,1.0,1.0,0.42105263157894735,0.125,0.125,1.0,,,0.6842105263157895,0.125,0.48177500000000006,0.547625,0.05,0.1,0.21052631578947367,0.3684210526315789,7.822222222222223,26.49,,0.24475524475524477,2.0,2.0,,,1.0,1.0,4.0,,1.0,,1.0,4.0,2.0,,4.0,2.0,,,,,,0.25,0.09090909090909091,0.5,1.0,0.25,,,,0.8,0.25,0.5594333333333333,,,,0.14285714285714285,1.0,1.0,,,1.0,,1.0,1.0,,0.25,0.5,0.14285714285714285,,,,5.0,,,,,,,,,,,,,,,,,,,,,,,,,,2026
1642800,1611661323,Aneesah Morrow,Aneesah Morrow,1642800,CON,2234.7,6,37.0,-44.0,307,308,101.0,133.0,49.0,615,15.0,28.0,4.0,7.0,4.0,14.0,3.0,5.0,,,6.0,21.0,22.0,47.0,6.0,21.0,10.0,72.0,350,8.0,13.0,21.0,4.0,12.0,21.0,22.0,22.0,15.0,21.0,6.0,7.0,3.0,4.0,7.0,2.0,2.0,2.0,18.0,6.0,10.0,16.0,19.0,42.0,16.0,58.0,3.0,6.0,3.0,3.0,9.0,,5.0,6.0,4.0,3.0,15.0,,3.0,5.0,15.0,3.0,18.0,3.0,3.0,16.0,8.0,51.0,21.0,101.0,4.0,,,,5.0,2.0,4.0,99.6742671009772,113.63636363636364,0.5,0.6875,0.8333333333333334,0.2857142857142857,0.2857142857142857,0.46808510638297873,0.6153846153846154,0.3333333333333333,0.45588235294117646,0.6785714285714286,0.425,0.4864864864864865,0.75,0.45652173913043476,0.3088235294117647,0.14893617021276595,0.14285714285714285,0.21428571428571427,24.45054945054945,0.6,0.3064516129032258,0.0970873786407767,0.2962962962962963,0.1111111111111111,0.3017241379310345,0.10191082802547771,0.12903225806451613,0.0784313725490196,0.10638297872340426,0.14285714285714285,0.21739130434782608,0.34375,0.30952380952380953,0.25,0.09375,0.4117647058823529,0.5357142857142857,0.625,0.5333333333333333,0.20588235294117646,0.2857142857142857,0.36363636363636365,0.25,0.07352941176470588,0.6,0.6,0.6666666666666666,,,,,0.3088235294117647,0.2857142857142857,0.2857142857142857,0.8333333333333334,0.35,0.5714285714285714,0.7205882352941176,0.2857142857142857,0.5251716417910448,0.5278578947368421,0.1111111111111111,0.1568627450980392,0.2916666666666667,0.2916666666666667,4.951063829787234,25.495238095238093,0.3,0.3289902280130293,5.0,8.0,,1.0,1.0,3.0,8.0,1.0,1.0,2.0,3.0,8.0,4.0,3.0,12.0,,1.0,1.0,4.0,,1.0,0.375,0.42857142857142855,0.5714285714285714,0.625,0.07142857142857142,1.0,1.0,,0.4,0.375,0.5497954545454545,,0.38461538461538464,0.5,0.21428571428571427,,7.0,,1.0,1.0,,1.0,1.0,,0.3888888888888889,,0.09523809523809523,,2.0,2.0,9.0,,,,,,,,,0.2,,,,,,,,,,,,,,,,,2026
201886,1611661317,DeWanna Bonner,DeWanna Bonner,201886,PHX,2215.9,5,37.0,17.0,294,295,91.0,50.0,39.0,589,12.0,17.0,3.0,5.0,3.0,9.0,,3.0,1.0,6.0,4.0,15.0,15.0,29.0,5.0,21.0,10.0,55.0,307,3.0,6.0,6.0,4.0,8.0,10.0,26.0,4.0,12.0,15.0,4.0,1.0,6.0,2.0,8.0,1.0,1.0,1.0,18.0,1.0,2.0,13.0,17.0,30.0,3.0,33.0,,3.0,3.0,,3.0,,3.0,2.0,,,5.0,1.0,1.0,6.0,10.0,,16.0,3.0,2.0,10.0,5.0,49.0,10.0,89.0,1.0,,12.0,,,,,110.20408163265306,104.06779661016948,0.8666666666666667,1.0,0.8,0.23809523809523808,0.23809523809523808,0.5172413793103449,0.5,0.5,0.45,0.375,0.26666666666666666,0.5,0.375,0.3125,0.42,0.034482758620689655,,0.1111111111111111,17.55952380952381,0.6,0.23943661971830985,0.025974025974025976,0.20634920634920634,0.017857142857142856,0.22388059701492538,0.022556390977443608,0.043478260869565216,,,0.09090909090909091,0.2857142857142857,0.21875,0.2,0.25,,0.34,0.7058823529411765,0.7058823529411765,0.8333333333333334,0.18,0.3333333333333333,0.375,1.0,0.06,,,,0.12,0.16666666666666666,0.2,1.0,0.3,0.26666666666666666,0.26666666666666666,0.75,0.3333333333333333,0.6,0.76,0.26666666666666666,0.546986,0.5381366666666667,0.09259259259259259,0.15151515151515152,0.10909090909090909,0.18181818181818182,5.279310344827586,25.504761904761907,,0.30952380952380953,3.0,3.0,3.0,,1.0,,4.0,,2.0,,,7.0,2.0,3.0,4.0,5.0,,,1.0,,,,0.2222222222222222,0.375,1.0,0.125,,,0.2,0.26666666666666666,,0.47375,,0.2,0.3333333333333333,0.1875,,,,1.0,3.0,1.0,2.0,5.0,5.0,,,0.09090909090909091,1.0,1.0,,,1.0,,,0.047619047619047616,0.16666666666666666,2.0,2.0,,0.3333333333333333,1.0,,,1.0,,0.125,,,,,,,,,,,2026
1631136,1611661313,Pauline Astier,Pauline Astier,1631136,NYL,2208.0,4,37.0,17.0,213,212,65.0,56.0,22.0,425,15.0,18.0,3.0,3.0,3.0,7.0,2.0,4.0,3.0,4.0,2.0,7.0,20.0,29.0,5.0,11.0,12.0,67.0,232,2.0,2.0,4.0,5.0,5.0,18.0,20.0,20.0,15.0,7.0,2.0,2.0,8.0,8.0,16.0,7.0,1.0,3.0,40.0,3.0,2.0,5.0,5.0,10.0,5.0,15.0,,6.0,4.0,2.0,4.0,,3.0,3.0,1.0,2.0,7.0,1.0,4.0,4.0,14.0,1.0,18.0,2.0,2.0,17.0,5.0,63.0,18.0,65.0,1.0,,3.0,,4.0,,,116.90140845070422,109.43396226415094,0.5,0.5263157894736842,1.0,0.45454545454545453,0.45454545454545453,0.6896551724137931,1.0,1.0,0.6875,0.6666666666666666,0.8333333333333334,0.7127659574468085,0.6666666666666666,0.75,0.275,0.06896551724137931,0.05555555555555555,0.14285714285714285,22.78481012658228,0.5714285714285714,0.1,0.05405405405405406,0.11627906976744186,0.07142857142857142,0.10752688172043011,0.06329113924050633,,0.047619047619047616,0.03571428571428571,0.14285714285714285,,0.1,0.12903225806451613,0.08333333333333333,,0.45,0.8333333333333334,0.8823529411764706,0.4666666666666667,0.175,0.42857142857142855,0.5,0.3333333333333333,0.1,0.5,0.5,1.0,0.1,0.75,0.75,1.0,0.175,0.2857142857142857,0.3333333333333333,1.0,0.5,1.0,0.725,0.2857142857142857,0.51765625,0.5321250000000001,0.11904761904761904,0.16129032258064516,0.05970149253731343,0.26865671641791045,5.979310344827587,23.79090909090909,0.25,0.3051643192488263,1.0,1.0,,,1.0,,1.0,,1.0,,,1.0,8.0,,2.0,4.0,1.0,,3.0,,,,0.2,0.3333333333333333,1.0,0.3333333333333333,,,,0.16666666666666666,,0.39015,,0.3333333333333333,,0.16666666666666666,,,,,,,,,,,,0.2,,5.0,5.0,6.0,1.0,,,0.09090909090909091,,,,0.14285714285714285,,,5.0,,,,,,,,,,,,,,,2026
1643450,1611661322,Rori Harmon,Rori Harmon,1643450,WAS,2142.8,4,36.0,-18.0,106,113,47.0,63.0,17.0,219,,,,,,3.0,,,,1.0,1.0,3.0,,3.0,1.0,4.0,3.0,6.0,113,,,,,,1.0,,,3.0,3.0,1.0,,8.0,1.0,9.0,,1.0,5.0,19.0,,,3.0,4.0,7.0,,7.0,,5.0,3.0,2.0,5.0,2.0,5.0,5.0,,1.0,10.0,,3.0,3.0,8.0,,7.0,,2.0,4.0,1.0,6.0,,46.0,2.0,,,,,,,89.62264150943396,100.00000000000001,,,1.0,0.25,0.25,,,,0.21428571428571427,,,0.3333333333333333,,0.16666666666666666,0.5714285714285714,,,,15.32258064516129,0.5,0.125,,0.15,,0.1346153846153846,,,,,,,0.125,0.06666666666666667,0.4,,,,,,0.42857142857142855,,,,,,,,0.14285714285714285,,,,0.42857142857142855,0.3333333333333333,0.3333333333333333,1.0,,,0.5714285714285714,0.3333333333333333,0.4213571428571429,0.3735,0.125,0.25,,0.16666666666666666,7.7,25.275,,0.44339622641509435,,,1.0,,1.0,,1.0,,1.0,,,2.0,1.0,,,3.0,,1.0,,,,,0.2857142857142857,,,1.0,,,0.5,0.5,,0.6405,,,,0.3333333333333333,,,,1.0,,,,,,,,,,1.0,,5.0,,1.0,,,,,,,,,,,,,,,,,,,,,,,,2026
1629482,1611661325,Sophie Cunningham,Sophie Cunningham,1629482,IND,1986.9,5,33.0,12.0,234,236,69.0,83.0,30.0,470,7.0,9.0,,,1.0,2.0,1.0,1.0,1.0,6.0,4.0,12.0,9.0,12.0,5.0,18.0,8.0,41.0,247,1.0,1.0,2.0,,,7.0,12.0,6.0,15.0,12.0,4.0,1.0,3.0,4.0,7.0,3.0,1.0,2.0,18.0,2.0,,7.0,6.0,15.0,2.0,17.0,,2.0,2.0,,,2.0,,3.0,,,3.0,,1.0,3.0,9.0,1.0,13.0,1.0,2.0,8.0,3.0,39.0,7.0,69.0,2.0,,,,3.0,,,110.6837606837607,104.66101694915255,0.6666666666666666,0.6666666666666666,1.0,0.2777777777777778,0.2777777777777778,0.75,1.0,,0.55,0.2,0.375,0.6212121212121212,0.2,0.5833333333333334,0.6,0.08333333333333333,,0.5,13.382899628252789,,0.10909090909090909,,0.1891891891891892,0.03773584905660377,0.14130434782608695,0.01834862385321101,,,0.025,0.07692307692307693,0.038461538461538464,0.14285714285714285,0.16666666666666666,0.23076923076923078,,0.3,0.7777777777777778,0.7777777777777778,0.7142857142857143,0.06666666666666667,0.5,1.0,,0.03333333333333333,1.0,1.0,1.0,0.2,0.16666666666666666,0.2,1.0,0.4,0.3333333333333333,0.36363636363636365,1.0,,,0.9,0.3333333333333333,0.552165,0.5222625,0.0967741935483871,0.23076923076923078,0.04878048780487805,0.17073170731707318,4.258333333333334,25.216666666666665,,0.2948717948717949,1.0,1.0,2.0,,3.0,1.0,2.0,,4.0,,1.0,4.0,4.0,,,1.0,,,2.0,,,0.25,0.25,0.2,1.0,0.6,,,0.5,0.5,0.5,0.516975,,,,0.38461538461538464,,2.0,,1.0,1.0,1.0,,1.0,,0.2222222222222222,,,,2.0,2.0,,2.0,1.0,,0.1111111111111111,0.16666666666666666,,,0.08333333333333333,1.0,,,,1.0,,0.2,,,,,,,,,,,2026
1631022,1611661322,Shakira Austin,Shakira Austin,1631022,WAS,1869.4,4,31.0,6.0,243,243,69.0,80.0,30.0,486,17.0,25.0,2.0,3.0,6.0,19.0,1.0,1.0,,,,2.0,24.0,45.0,,2.0,17.0,65.0,247,2.0,3.0,6.0,4.0,10.0,18.0,32.0,16.0,,2.0,,4.0,7.0,5.0,12.0,3.0,2.0,5.0,29.0,2.0,,12.0,17.0,31.0,3.0,34.0,,3.0,2.0,1.0,8.0,,5.0,2.0,3.0,1.0,10.0,2.0,5.0,2.0,11.0,2.0,18.0,1.0,,26.0,9.0,59.0,18.0,68.0,4.0,,,,,,,104.11522633744855,101.64609053497942,0.6666666666666666,0.6666666666666666,,,,0.5333333333333333,0.6666666666666666,0.4,0.5106382978723404,0.6666666666666666,0.36363636363636365,0.5603448275862069,0.75,0.5294117647058824,0.0425531914893617,0.08888888888888889,0.04,0.15789473684210525,24.372759856630825,0.8,0.22972972972972974,,0.21428571428571427,0.05714285714285714,0.2230769230769231,0.021052631578947368,,,0.037037037037037035,0.125,0.14705882352941177,0.25925925925925924,0.275,0.0625,,0.5319148936170213,0.68,0.7083333333333334,0.7058823529411765,0.40425531914893614,0.3157894736842105,0.375,0.5,0.02127659574468085,1.0,1.0,1.0,,,,,0.0425531914893617,,,,0.2727272727272727,0.6666666666666666,0.574468085106383,,0.5043819148936171,0.43808636363636366,0.17307692307692307,0.18,0.09230769230769231,0.27692307692307694,4.171111111111111,23.9,0.23076923076923078,0.2839506172839506,2.0,2.0,,,,,1.0,,,2.0,,1.0,10.0,,,2.0,,,4.0,,,,0.38461538461538464,0.6666666666666666,1.0,,,,,0.09090909090909091,,0.4561,,0.125,,,1.0,2.0,,1.0,5.0,5.0,,5.0,1.0,0.3333333333333333,0.08333333333333333,,0.2,6.0,6.0,1.0,,,,,,,,,1.0,,4.0,1.0,,,,,,,,,,,,,,2026
1643436,1611661327,Serah Williams,Serah Williams,1643436,PDX,1858.9,4,31.0,-3.0,83,87,30.0,42.0,5.0,170,2.0,3.0,1.0,1.0,2.0,5.0,,1.0,,,,,4.0,9.0,,,2.0,10.0,81,1.0,1.0,3.0,2.0,2.0,5.0,6.0,2.0,,,,1.0,2.0,,2.0,,,2.0,4.0,,1.0,1.0,7.0,10.0,1.0,11.0,,2.0,2.0,,,,,,,,,,,1.0,4.0,1.0,7.0,,,7.0,4.0,7.0,5.0,30.0,,,3.0,,,,,93.97590361445783,93.10344827586206,0.75,0.75,,,,0.4444444444444444,1.0,1.0,0.4444444444444444,1.0,1.0,0.4166666666666667,0.75,0.8333333333333334,,0.1111111111111111,0.3333333333333333,,13.48314606741573,,0.4117647058823529,0.05263157894736842,0.045454545454545456,,0.20512820512820512,0.03225806451612903,,0.1,,,0.3333333333333333,0.5,0.0625,,,0.3333333333333333,0.6666666666666666,1.0,0.5,0.5555555555555556,0.4,0.4,1.0,0.1111111111111111,,,,,,,,,,,,0.5,1.0,0.3333333333333333,,0.46617777777777775,0.5576,0.3333333333333333,0.3333333333333333,0.3,0.5,5.222222222222222,,,0.3614457831325301,,,,,,,,,,1.0,,,1.0,,,,,,1.0,,,,0.3333333333333333,,,,,,,,,0.4255,,,,,,2.0,,,2.0,1.0,1.0,2.0,2.0,0.6666666666666666,,,1.0,,,,,,,,,,,,,,,,,,,,,,,,,,,,,2026
1628276,1611661320,Kelsey Plum,Kelsey Plum,1628276,LAS,1834.7,4,31.0,-33.0,283,284,94.0,99.0,35.0,567,21.0,23.0,9.0,9.0,5.0,13.0,2.0,4.0,1.0,4.0,9.0,20.0,28.0,40.0,10.0,24.0,21.0,107.0,345,1.0,3.0,8.0,12.0,18.0,36.0,14.0,42.0,9.0,20.0,9.0,3.0,15.0,7.0,22.0,5.0,2.0,14.0,51.0,,1.0,3.0,2.0,5.0,1.0,6.0,,5.0,1.0,4.0,10.0,2.0,7.0,3.0,3.0,,13.0,2.0,1.0,6.0,14.0,1.0,17.0,1.0,,27.0,10.0,99.0,36.0,94.0,3.0,,10.0,,5.0,,1.0,110.24734982332156,121.47887323943662,0.25,0.25,0.3,0.4166666666666667,0.4166666666666667,0.7,0.3333333333333333,0.6666666666666666,0.671875,0.35714285714285715,0.6136363636363636,0.6907894736842105,0.4444444444444444,0.6481481481481481,0.375,0.075,0.043478260869565216,0.15384615384615385,27.63975155279503,0.7692307692307693,0.037037037037037035,0.017857142857142856,0.05,,0.043859649122807015,0.009345794392523364,0.043478260869565216,,,,,0.08,0.06,,,0.359375,0.9130434782608695,0.9545454545454546,0.2857142857142857,0.203125,0.38461538461538464,0.45454545454545453,0.2,0.0625,0.5,0.5,,0.0625,0.25,0.25,1.0,0.3125,0.45,0.45,0.2222222222222222,0.4090909090909091,1.0,0.734375,0.45,0.514340625,0.5000477272727273,0.136986301369863,0.20408163265306123,0.07476635514018691,0.3364485981308411,5.5575,24.758333333333336,0.25,0.3321554770318021,,2.0,2.0,1.0,3.0,1.0,2.0,1.0,4.0,3.0,1.0,4.0,9.0,21.0,,1.0,,,1.0,,0.25,0.25,,0.2857142857142857,,0.42857142857142855,0.3333333333333333,1.0,0.09090909090909091,0.09090909090909091,0.5,0.5139916666666667,,1.0,1.0,0.2857142857142857,,,,,,,,,,,,,,3.0,3.0,,,,2.0,,,,,,,,,,1.0,,0.14285714285714285,,,,,1.0,,,,,,2026
1642815,1611661325,Makayla Timpson,Makayla Timpson,1642815,IND,1777.6,5,30.0,10.0,144,146,56.0,68.0,17.0,290,8.0,14.0,3.0,4.0,2.0,3.0,,,,,,,10.0,17.0,,,1.0,21.0,159,2.0,4.0,4.0,3.0,5.0,7.0,18.0,2.0,,,,4.0,1.0,2.0,3.0,2.0,,1.0,8.0,1.0,5.0,4.0,3.0,9.0,6.0,15.0,,1.0,1.0,,1.0,,1.0,,,,1.0,,,3.0,8.0,1.0,5.0,,,4.0,1.0,17.0,7.0,56.0,,2.0,2.0,,6.0,,,117.36111111111111,108.9041095890411,0.9,1.0,,,,0.5882352941176471,0.5,0.6,0.5882352941176471,0.5,0.6,0.5526315789473685,0.5,0.5833333333333334,,0.23529411764705882,0.2857142857142857,,12.269938650306749,1.0,0.11538461538461539,0.14285714285714285,0.19047619047619047,0.04,0.14893617021276595,0.1,0.17647058823529413,0.18181818181818182,,0.16666666666666666,0.09090909090909091,0.09090909090909091,0.2,0.18181818181818182,,0.8235294117647058,0.5714285714285714,0.8,0.875,0.17647058823529413,0.6666666666666666,0.6666666666666666,1.0,,,,,,,,,,,,,0.8,0.75,0.8235294117647058,,0.6001000000000001,0.59752,0.05555555555555555,0.05555555555555555,0.19047619047619047,0.3333333333333333,2.923529411764706,,,0.3888888888888889,2.0,4.0,,,,,,,,,,,1.0,,2.0,,,,,,,,0.25,1.0,0.5,,,,,,,0.613575,,0.16666666666666666,,,,2.0,,,,,,,,0.3333333333333333,,,,1.0,1.0,,,,,,,,,,0.5,,,,,,,,,,,,,,,,,2026
204324,1611661320,Dearica Hamby,Dearica Hamby,204324,LAS,1764.0,4,29.0,-21.0,239,236,54.0,57.0,29.0,475,23.0,33.0,3.0,5.0,1.0,3.0,,,,1.0,1.0,3.0,24.0,36.0,1.0,4.0,17.0,68.0,281,6.0,6.0,19.0,3.0,6.0,12.0,32.0,16.0,3.0,3.0,1.0,3.0,8.0,1.0,9.0,,1.0,6.0,19.0,3.0,5.0,13.0,7.0,21.0,8.0,29.0,1.0,5.0,3.0,2.0,3.0,,1.0,7.0,2.0,,10.0,1.0,1.0,2.0,13.0,1.0,22.0,3.0,2.0,24.0,13.0,49.0,12.0,54.0,,2.0,-2.0,,,,,108.78661087866108,119.0677966101695,0.6666666666666666,0.7272727272727273,1.0,0.25,0.25,0.6666666666666666,1.0,0.5,0.6375,1.0714285714285714,0.5625,0.68,0.95,0.5454545454545454,0.1,0.08333333333333333,0.09090909090909091,,22.22222222222222,0.3,0.1590909090909091,0.10869565217391304,0.23636363636363636,0.06818181818181818,0.20202020202020202,0.08888888888888889,0.17647058823529413,0.041666666666666664,0.09090909090909091,,0.17647058823529413,0.14285714285714285,0.25,0.18181818181818182,0.08333333333333333,0.825,0.696969696969697,0.7666666666666667,0.6956521739130435,0.075,0.3333333333333333,0.3333333333333333,,,,,,0.025,,,,0.075,0.3333333333333333,0.3333333333333333,1.0,0.625,0.6,0.925,0.3333333333333333,0.60595875,0.54605,0.2653061224489796,0.28888888888888886,0.27941176470588236,0.17647058823529413,2.5,24.675,,0.22594142259414227,6.0,6.0,,1.0,1.0,1.0,2.0,1.0,1.0,4.0,1.0,2.0,3.0,,4.0,2.0,,2.0,4.0,,1.0,0.5,0.16666666666666666,0.8571428571428571,1.0,0.14285714285714285,1.0,1.0,,0.25,0.5,0.6293166666666666,,0.5,,0.3333333333333333,,1.0,2.0,3.0,,,,,,0.3333333333333333,,0.2,,1.0,1.0,13.0,,,,,,,,,0.5,,,,,,,,,,,1.0,,,,,,2026
1628899,1611661325,Myisha Hines-Allen,Myisha Hines-Allen,1628899,IND,1749.3,5,29.0,26.0,211,213,73.0,66.0,26.0,424,11.0,15.0,3.0,5.0,1.0,2.0,,,,1.0,,2.0,12.0,17.0,,3.0,5.0,29.0,202,1.0,1.0,2.0,4.0,6.0,12.0,12.0,12.0,,2.0,,2.0,11.0,6.0,17.0,3.0,3.0,7.0,40.0,3.0,2.0,4.0,10.0,14.0,5.0,19.0,,5.0,3.0,2.0,3.0,2.0,3.0,4.0,,,7.0,1.0,2.0,5.0,13.0,2.0,5.0,,,5.0,2.0,27.0,12.0,73.0,,1.0,7.0,,,,,108.0568720379147,94.83568075117371,0.5,0.5454545454545454,,,,0.7058823529411765,1.0,0.6666666666666666,0.6,1.0,0.4444444444444444,0.6590909090909091,1.0,0.5454545454545454,0.15,0.11764705882352941,0.06666666666666667,0.5,12.083333333333334,0.42857142857142855,0.1724137931034483,0.043478260869565216,0.12903225806451613,0.06521739130434782,0.15730337078651685,0.05434782608695652,0.06666666666666667,,0.05405405405405406,0.1111111111111111,0.13333333333333333,0.2,0.12,0.16666666666666666,,0.75,0.7333333333333333,0.7857142857142857,0.45454545454545453,0.1,0.5,1.0,1.0,,,,,0.05,,,,0.1,,,,0.5555555555555556,0.6,0.9,,0.5638225,0.4861388888888889,0.09523809523809523,0.1111111111111111,0.06896551724137931,0.41379310344827586,2.164705882352941,25.0,,0.3459715639810427,1.0,1.0,1.0,,,,2.0,,,,,3.0,4.0,,2.0,2.0,2.0,,1.0,,,,0.25,1.0,1.0,,,,0.1111111111111111,0.2222222222222222,,,,0.25,,0.3333333333333333,,,,2.0,2.0,2.0,,2.0,2.0,,,,1.0,1.0,1.0,,,1.0,,,,,,,,,,,,,,,,,,,,,,,,2026
1643427,1611661322,Lauren Betts,Lauren Betts,1643427,WAS,1738.6,4,29.0,-29.0,107,113,31.0,41.0,13.0,220,4.0,9.0,,,5.0,7.0,,4.0,,,,,9.0,20.0,,,4.0,22.0,128,2.0,6.0,6.0,2.0,3.0,7.0,14.0,4.0,,,,1.0,2.0,,2.0,,,1.0,4.0,2.0,4.0,2.0,2.0,6.0,6.0,12.0,3.0,,,,,,,1.0,,,1.0,,,3.0,7.0,1.0,8.0,,,5.0,3.0,16.0,7.0,31.0,,,4.0,,,2.0,,92.5233644859813,113.27433628318585,0.7777777777777778,0.875,,,,0.45,0.3333333333333333,0.6666666666666666,0.45,0.3333333333333333,0.6666666666666666,0.5,0.42857142857142855,0.7,,0.05,0.1111111111111111,,18.69918699186992,,0.08,0.13333333333333333,0.07692307692307693,0.08333333333333333,0.0784313725490196,0.1111111111111111,0.3076923076923077,,0.05263157894736842,0.2,,0.08333333333333333,0.05,0.16666666666666666,0.3,0.45,0.4444444444444444,0.5,0.75,0.35,0.7142857142857143,0.7142857142857143,0.8,0.2,,,,,,,,,,,,,,0.45,,0.47268999999999994,0.3598333333333333,0.13636363636363635,0.13636363636363635,0.2727272727272727,0.3181818181818182,6.92,,,0.2897196261682243,1.0,3.0,,,,,,,,2.0,,,3.0,,2.0,1.0,,,1.0,,,,0.2,0.5,0.3333333333333333,,,,,,,0.4911833333333333,,0.8,0.25,,,2.0,,1.0,1.0,,1.0,1.0,,0.2857142857142857,,,,,,2.0,,,,,,,,,,,,,,,,,,,,,,,,,,2026
1643453,1611661328,Grace Vanslooten,Grace Vanslooten,1643453,SEA,1655.0,4,28.0,-17.0,99,99,24.0,20.0,6.0,198,3.0,5.0,2.0,3.0,,,,,,1.0,2.0,2.0,3.0,5.0,2.0,3.0,5.0,17.0,115,,,3.0,2.0,3.0,5.0,4.0,2.0,6.0,2.0,2.0,1.0,2.0,1.0,3.0,1.0,,1.0,7.0,,1.0,1.0,4.0,5.0,1.0,6.0,,4.0,3.0,1.0,,1.0,,1.0,,,1.0,,,1.0,2.0,,7.0,,1.0,8.0,4.0,14.0,5.0,24.0,,,1.0,,,,,98.98989898989899,116.16161616161617,0.6666666666666666,0.6666666666666666,1.0,0.6666666666666666,0.6666666666666666,0.6,,0.6666666666666666,0.75,1.5,0.6666666666666666,0.7083333333333334,1.5,0.625,0.375,0.2,0.2,,12.264150943396226,,0.16,0.03571428571428571,0.0625,,0.12195121951219512,0.022222222222222223,,0.1,,,0.2,,0.07692307692307693,,,0.625,0.6,0.75,0.6666666666666666,,,,,,,,,0.125,,,,0.25,1.0,1.0,1.0,1.0,0.6666666666666666,1.0,1.0,0.6110625,0.6670333333333334,0.3333333333333333,0.4444444444444444,0.17647058823529413,0.29411764705882354,1.7399999999999998,23.866666666666664,,0.24242424242424243,,,,1.0,1.0,,,1.0,1.0,,,,1.0,,,1.0,,,,,1.0,,0.3333333333333333,,,1.0,1.0,1.0,,,,0.36495,,,,,,,,,3.0,3.0,,3.0,2.0,,,,0.6666666666666666,,,,,,,,,,,,,,,,,,,,,,,,,,,,,2026
1628878,1611661320,Ariel Atkins,Ariel Atkins,1628878,LAS,1650.0,2,28.0,-20.0,98,96,14.0,6.0,16.0,194,2.0,3.0,1.0,2.0,1.0,5.0,,1.0,,,,7.0,3.0,9.0,,7.0,4.0,10.0,116,2.0,3.0,4.0,1.0,2.0,2.0,2.0,4.0,,7.0,,1.0,3.0,2.0,5.0,1.0,1.0,3.0,12.0,,3.0,,2.0,3.0,3.0,6.0,1.0,4.0,4.0,,3.0,,3.0,2.0,,,5.0,,,1.0,5.0,,6.0,2.0,2.0,4.0,2.0,6.0,2.0,14.0,,,5.0,,1.0,,,97.95918367346938,120.83333333333334,0.3333333333333333,1.0,,,,0.3333333333333333,0.6666666666666666,0.5,0.1875,0.6666666666666666,0.3333333333333333,0.2777777777777778,0.6666666666666666,0.3333333333333333,0.4375,0.1111111111111111,,0.2,19.491525423728813,0.6,0.13333333333333333,0.0967741935483871,,,0.06666666666666667,0.057692307692307696,0.06666666666666667,0.08333333333333333,,,,0.25,,,0.08333333333333333,0.1875,0.6666666666666666,0.6666666666666666,0.5,0.3125,0.2,0.25,,0.0625,,,,,,,,0.4375,,,,0.6666666666666666,0.5,0.625,,0.52216875,0.64445,0.1111111111111111,0.18181818181818182,0.4,0.2,7.844444444444444,24.385714285714283,0.25,0.14285714285714285,1.0,1.0,,,,,1.0,,,,,1.0,,,4.0,,,1.0,,,,,,0.3333333333333333,1.0,,,,,0.3333333333333333,,0.5235,,,,0.2857142857142857,,1.0,,,,,,,,1.0,,0.25,,,,,,,,,,,,,,,,,,,,,,,,,,,,,,2026
1643505,1611661317,Jovana Nogic,Jovana Nogic,1643505,PHX,1571.6999999999998,5,26.0,38.0,253,258,90.0,39.0,33.0,511,2.0,6.0,,1.0,2.0,8.0,1.0,3.0,2.0,3.0,13.0,26.0,5.0,17.0,15.0,29.0,22.0,77.0,264,1.0,1.0,2.0,1.0,6.0,27.0,2.0,8.0,36.0,26.0,13.0,,8.0,2.0,10.0,1.0,1.0,5.0,22.0,1.0,2.0,1.0,1.0,2.0,4.0,6.0,1.0,5.0,3.0,2.0,4.0,1.0,3.0,5.0,1.0,2.0,9.0,,2.0,7.0,15.0,1.0,17.0,,2.0,23.0,6.0,75.0,26.0,88.0,,,4.0,,8.0,,,119.36758893280633,102.32558139534883,0.2,0.25,0.8,0.5172413793103449,0.5172413793103449,0.29411764705882354,1.0,0.16666666666666666,0.5978260869565217,1.0,0.5,0.6696428571428571,1.0,0.5909090909090909,0.6304347826086957,,,,22.569444444444446,0.4444444444444444,0.015151515151515152,0.028169014084507043,0.02,0.023809523809523808,0.017241379310344827,0.02654867256637168,0.058823529411764705,0.025,0.027777777777777776,,,0.034482758620689655,0.025,,0.04,0.13043478260869565,0.3333333333333333,0.3333333333333333,0.5,0.17391304347826086,0.25,0.25,,0.06521739130434782,0.3333333333333333,0.3333333333333333,,0.06521739130434782,0.6666666666666666,0.6666666666666666,1.0,0.5652173913043478,0.5,0.5,0.7692307692307693,0.058823529411764705,,0.7608695652173914,0.5,0.5070222222222222,0.445503125,0.1320754716981132,0.2608695652173913,0.025974025974025976,0.35064935064935066,7.082352941176471,26.582758620689653,0.5,0.3557312252964427,,,1.0,,,4.0,10.0,,,,5.0,11.0,10.0,9.0,2.0,2.0,1.0,,,1.0,,0.45454545454545453,,,,,,,0.058823529411764705,0.5882352941176471,0.4,0.399,0.03333333333333333,0.25,,0.38461538461538464,1.0,,,1.0,,,,,,,0.125,,,3.0,2.0,10.0,,2.0,2.0,,,,,,,1.0,,,,1.0,,1.0,,,,,,,,,,2026
1643431,1611661330,Madina Okot,Madina Okot,1643431,ATL,1484.0,3,25.0,20.0,75,73,26.0,16.0,9.0,148,10.0,12.0,5.0,6.0,,4.0,,,,,,3.0,10.0,16.0,,3.0,2.0,22.0,67,2.0,4.0,4.0,5.0,7.0,12.0,16.0,4.0,,3.0,,3.0,1.0,,1.0,,,1.0,2.0,,4.0,5.0,10.0,16.0,4.0,20.0,1.0,1.0,,1.0,2.0,,2.0,1.0,,,3.0,,1.0,3.0,6.0,1.0,2.0,,,3.0,1.0,18.0,12.0,26.0,,,,2.0,-9.0,2.0,,116.0,91.78082191780823,0.8,0.8888888888888888,,,,0.625,0.5,0.7142857142857143,0.5263157894736842,0.5,0.7142857142857143,0.55,0.5,0.75,0.15789473684210525,0.1875,,0.75,26.436781609195403,0.6666666666666666,0.4166666666666667,0.26666666666666666,0.29411764705882354,,0.36585365853658536,0.11764705882352941,0.16666666666666666,0.375,,,0.4166666666666667,0.5,0.3125,,0.16666666666666666,0.631578947368421,0.8333333333333334,0.8333333333333334,0.8,0.21052631578947367,,,,,,,,,,,,0.15789473684210525,,,,0.8571428571428571,0.8333333333333334,0.7894736842105263,,0.5497894736842105,0.5823571428571429,0.05263157894736842,0.0625,0.18181818181818182,0.5454545454545454,3.175,25.46666666666667,0.3333333333333333,0.3466666666666667,2.0,2.0,,,,,,,,,,,2.0,,2.0,,,,1.0,,,,,0.5,1.0,,,,,,,0.47185,,0.5,,0.3333333333333333,,1.0,,1.0,1.0,1.0,,1.0,1.0,0.3333333333333333,,,1.0,1.0,1.0,4.0,,,,,,,,,0.5,,,,,,,,,,,,,,,,,2026
1643494,1611661327,Frieda Buhner,Frieda Buhner,1643494,PDX,1472.0,3,25.0,-20.0,74,70,18.0,16.0,8.0,144,,,,,2.0,2.0,,,,1.0,,4.0,2.0,2.0,,5.0,2.0,6.0,88,,,,1.0,1.0,2.0,2.0,2.0,,4.0,,,,,,,,,,1.0,1.0,2.0,1.0,3.0,2.0,5.0,,,,,,1.0,,2.0,,,2.0,,2.0,2.0,7.0,1.0,3.0,1.0,,2.0,1.0,6.0,2.0,18.0,1.0,,,,,,,91.89189189189189,125.71428571428572,0.5,0.5,,,,1.0,,1.0,0.2857142857142857,,0.5,0.375,,0.5,0.7142857142857143,,,,12.195121951219512,,0.07142857142857142,0.05555555555555555,0.15384615384615385,0.07692307692307693,0.1111111111111111,0.06451612903225806,,,0.09090909090909091,,0.16666666666666666,,0.2222222222222222,,,,,,,0.2857142857142857,1.0,1.0,0.5,,,,,0.14285714285714285,,,,0.5714285714285714,,,,,,0.7142857142857143,,0.4777142857142857,0.418025,0.125,0.3333333333333333,,0.3333333333333333,6.7,26.18,,0.24324324324324326,,,,,,,1.0,,,,,1.0,,,,,,,,,,,,,,,,,,0.5,,,,,,0.5,,,,,,,,,,,,1.0,,,,,1.0,,,0.2,,,,0.25,,,,,,,,,,,,,,,,,,2026
1631009,1611661330,Rhyne Howard,Rhyne Howard,1631009,ATL,1470.0,2,24.0,9.0,150,150,38.0,24.0,27.0,300,2.0,2.0,1.0,1.0,1.0,4.0,,2.0,,,4.0,16.0,3.0,8.0,4.0,16.0,11.0,29.0,145,1.0,2.0,4.0,1.0,2.0,7.0,,6.0,9.0,16.0,4.0,,4.0,5.0,9.0,5.0,,2.0,23.0,2.0,1.0,4.0,2.0,6.0,3.0,9.0,1.0,4.0,4.0,,2.0,,1.0,1.0,1.0,1.0,3.0,,,3.0,8.0,1.0,7.0,,1.0,12.0,5.0,25.0,7.0,38.0,,,3.0,1.0,4.0,,,102.66666666666667,96.66666666666667,,,0.75,0.25,0.25,0.375,0.5,0.5,0.375,0.3333333333333333,0.2,0.5,0.5,0.5,0.6666666666666666,,,,17.391304347826086,0.6666666666666666,0.047619047619047616,0.027777777777777776,0.125,0.043478260869565216,0.08108108108108109,0.036585365853658534,,0.07692307692307693,0.025,0.16666666666666666,0.06666666666666667,,0.07692307692307693,0.3333333333333333,0.058823529411764705,0.08333333333333333,1.0,1.0,,0.16666666666666666,0.25,0.25,,0.08333333333333333,,,,,,,,0.6666666666666666,0.25,0.25,0.75,0.2,1.0,0.75,0.25,0.46146086956521737,0.395125,0.17857142857142858,0.4166666666666667,0.13793103448275862,0.2413793103448276,9.175,26.91875,1.0,0.25333333333333335,1.0,1.0,,,1.0,,3.0,,1.0,2.0,,3.0,5.0,3.0,2.0,2.0,,,1.0,,,,0.09090909090909091,0.3333333333333333,1.0,0.3333333333333333,,,,0.6,,0.53015,,,1.0,0.3333333333333333,,,,,1.0,1.0,,1.0,,,,,,1.0,1.0,8.0,,,1.0,,,,,,,,,,,,,,,,,,,,,,,2026
1630112,1611661325,Tyasha Harris,Tyasha Harris,1630112,IND,1374.2,5,23.0,8.0,151,148,59.0,52.0,13.0,299,1.0,3.0,,,1.0,2.0,2.0,4.0,,1.0,1.0,7.0,4.0,9.0,1.0,8.0,2.0,13.0,141,,,,1.0,2.0,2.0,2.0,6.0,3.0,7.0,1.0,,7.0,5.0,12.0,4.0,1.0,5.0,29.0,,,1.0,5.0,6.0,,6.0,,2.0,2.0,,2.0,1.0,2.0,1.0,,,3.0,,,1.0,5.0,1.0,2.0,,,2.0,1.0,13.0,2.0,59.0,1.0,,,,,,,98.67549668874172,95.27027027027027,0.25,0.25,1.0,0.125,0.125,0.4444444444444444,,0.5,0.3235294117647059,,0.16666666666666666,0.3611111111111111,,0.16666666666666666,0.47058823529411764,,,,12.80487804878049,0.6666666666666666,0.10638297872340426,,0.047619047619047616,,0.08823529411764706,,,,,,0.08333333333333333,0.125,,0.16666666666666666,,0.17647058823529413,0.3333333333333333,0.3333333333333333,1.0,0.11764705882352941,0.5,0.5,,0.23529411764705882,0.5,0.5,,0.058823529411764705,,,,0.4117647058823529,0.14285714285714285,0.14285714285714285,1.0,,,0.6470588235294118,0.14285714285714285,0.531275,0.52561,0.05555555555555555,0.1,,0.15384615384615385,9.433333333333334,29.7,,0.39072847682119205,,,1.0,,1.0,,3.0,,2.0,,,4.0,,,,2.0,,,,,,,0.14285714285714285,,,0.5,,,0.16666666666666666,0.5,,0.6609,,0.5,0.5,0.16666666666666666,,,,,1.0,1.0,,1.0,1.0,,,,1.0,,,5.0,,,,,,,,,,,,,1.0,,0.5,,,,,,,,,,,2026
1643455,1611661322,Angela Dugalic,Angela Dugalic,1643455,WAS,1331.6,4,22.0,-26.0,76,79,24.0,32.0,8.0,155,2.0,3.0,1.0,1.0,1.0,2.0,,,,,1.0,5.0,3.0,5.0,1.0,5.0,,9.0,90,,,,1.0,1.0,2.0,6.0,,3.0,5.0,1.0,,1.0,,1.0,,,,2.0,,,6.0,3.0,10.0,,10.0,,1.0,1.0,,,,,1.0,,,1.0,,,2.0,6.0,,4.0,,1.0,2.0,,9.0,2.0,24.0,3.0,,,,,,,84.21052631578948,113.92405063291139,1.0,1.0,1.0,0.2,0.2,0.6,,1.0,0.45,,0.25,0.4090909090909091,,0.2,0.5,,,,14.117647058823529,,0.15789473684210525,,0.4,,0.2647058823529412,,,,,,0.16666666666666666,0.2,0.4166666666666667,0.3333333333333333,,0.3,0.6666666666666666,0.6666666666666666,1.0,0.2,0.5,0.5,1.0,,,,,,,,,0.5,0.2,0.2,1.0,0.25,1.0,0.8,0.2,0.50256,0.5182,,,,0.2222222222222222,5.14,24.740000000000002,1.0,0.3157894736842105,,,,,,,3.0,,,,,3.0,,,,1.0,,,,,,,,,,,,,,0.75,,,,,,0.5,,1.0,,,2.0,1.0,1.0,2.0,,0.2,,,,1.0,1.0,,,,,,,,,,,,,,,,,,,,,,,,,,,2026
1629576,1611661332,Maria Conde,Maria Conde,1629576,TOR,1274.8,5,21.0,23.0,242,248,89.0,93.0,33.0,490,2.0,12.0,1.0,3.0,1.0,3.0,1.0,2.0,1.0,4.0,6.0,18.0,4.0,17.0,7.0,22.0,2.0,31.0,263,1.0,3.0,4.0,2.0,6.0,12.0,8.0,,21.0,18.0,6.0,2.0,2.0,3.0,5.0,1.0,2.0,2.0,13.0,3.0,4.0,3.0,7.0,12.0,7.0,19.0,2.0,2.0,2.0,,5.0,,3.0,1.0,2.0,,6.0,1.0,3.0,6.0,11.0,,4.0,,,2.0,1.0,27.0,12.0,89.0,,,7.0,,3.0,1.0,4.0,118.18181818181819,106.04838709677419,1.0,1.0,1.0,0.3181818181818182,0.3181818181818182,0.23529411764705882,0.3333333333333333,0.3333333333333333,0.3717948717948718,0.25,0.35714285714285715,0.3875,0.4,0.4,0.5641025641025641,0.11764705882352941,0.16666666666666666,,16.370106761565836,0.8333333333333334,0.1320754716981132,0.06451612903225806,0.06818181818181818,0.05263157894736842,0.10309278350515463,0.058823529411764705,0.08333333333333333,,0.020833333333333332,0.2222222222222222,0.11538461538461539,0.14285714285714285,0.08571428571428572,,0.07692307692307693,0.3076923076923077,0.16666666666666666,0.2,1.0,0.07692307692307693,0.3333333333333333,0.3333333333333333,1.0,0.05128205128205128,0.5,0.5,1.0,0.10256410256410256,0.25,0.25,1.0,0.46153846153846156,0.3333333333333333,0.3333333333333333,1.0,0.21428571428571427,0.3333333333333333,0.8717948717948718,0.3333333333333333,0.5353,0.48352500000000004,0.025,0.05555555555555555,0.12903225806451613,0.3870967741935484,5.288235294117648,24.681818181818183,0.5,0.3677685950413223,1.0,3.0,,,,2.0,8.0,,1.0,2.0,2.0,8.0,2.0,,,,,,,,,0.25,0.16666666666666666,0.75,0.3333333333333333,,,,,0.5714285714285714,0.25,0.58805,,0.4,,0.13333333333333333,,2.0,,1.0,1.0,,1.0,1.0,,0.2222222222222222,,0.16666666666666666,,,,-9.0,,,,,,,,,1.0,,,,1.0,,0.25,,,,,,,,,,,2026
1643430,1611661322,Cotie McMahon,Cotie McMahon,1643430,WAS,1264.1,2,21.0,-36.0,102,104,23.0,28.0,8.0,206,2.0,7.0,,1.0,2.0,2.0,,,1.0,1.0,2.0,5.0,4.0,9.0,3.0,6.0,3.0,20.0,124,,,,,1.0,1.0,2.0,6.0,9.0,5.0,2.0,2.0,3.0,,3.0,,,3.0,6.0,,,4.0,2.0,6.0,,6.0,,,,,2.0,1.0,2.0,3.0,,1.0,5.0,,1.0,1.0,7.0,,6.0,,3.0,4.0,2.0,20.0,1.0,22.0,,,-4.0,,13.0,,,86.27450980392156,119.23076923076923,0.25,0.25,1.0,0.5,0.5,0.4444444444444444,,,0.5666666666666667,,,0.5882352941176471,,0.16666666666666666,0.4,0.2222222222222222,0.2857142857142857,,19.819819819819816,0.4,0.07142857142857142,,0.18181818181818182,,0.12,,,,,,0.07692307692307693,,0.15,0.5,,0.4666666666666667,0.2857142857142857,0.4,,0.13333333333333333,1.0,1.0,0.5,,,,,0.06666666666666667,1.0,1.0,1.0,0.3333333333333333,0.4,0.4,1.0,0.5,,0.8666666666666667,0.4,0.5866866666666667,0.636925,0.11764705882352941,0.18181818181818182,,0.05,2.566666666666667,25.433333333333334,,0.22549019607843138,,,,,,,1.0,,,,,1.0,1.0,,,,,,,,,,0.2,,,,,,,0.5,,,,0.4,,0.3333333333333333,,,,1.0,,,,,,,,,,,,2.0,,,,,,,,,,,5.0,,,,,,,,,,,,,,,2026
203866,1611661331,Kayla Thornton,Kayla Thornton,203866,GSV,1212.5,3,20.0,9.0,168,172,28.0,42.0,27.0,340,5.0,10.0,,,1.0,4.0,,3.0,2.0,7.0,4.0,10.0,6.0,17.0,6.0,17.0,2.0,32.0,169,,4.0,2.0,,1.0,3.0,12.0,,18.0,10.0,4.0,2.0,,1.0,1.0,1.0,,,3.0,3.0,4.0,3.0,7.0,10.0,7.0,17.0,3.0,,,,1.0,,1.0,2.0,,,3.0,,1.0,2.0,6.0,1.0,5.0,1.0,2.0,2.0,1.0,30.0,3.0,28.0,,,,,,,,105.95238095238096,98.25581395348837,1.0,1.0,1.0,0.35294117647058826,0.35294117647058826,0.35294117647058826,,,0.4411764705882353,,0.5,0.45714285714285713,0.16666666666666666,0.5,0.5,0.11764705882352941,0.2,,18.81188118811881,0.3333333333333333,0.1320754716981132,0.07547169811320754,0.1,0.06382978723404255,0.12048192771084337,0.07,0.17647058823529413,0.03333333333333333,0.05555555555555555,0.09090909090909091,,0.12,0.125,,0.15789473684210525,0.29411764705882354,0.5,0.625,1.0,0.11764705882352941,0.25,0.25,1.0,0.08823529411764706,,,,0.20588235294117646,0.2857142857142857,0.3333333333333333,1.0,0.29411764705882354,0.4,0.4,1.0,,,0.7941176470588235,0.4,0.5249426470588235,0.427,0.02857142857142857,0.05555555555555555,0.0625,0.09375,6.652941176470588,24.25294117647059,0.6666666666666666,0.16666666666666666,,3.0,,,,1.0,2.0,,1.0,2.0,1.0,2.0,,,,,,1.0,,,,0.5,0.2857142857142857,0.6,,,,,,0.6666666666666666,0.5,0.5303,,0.4,,0.5454545454545454,,,,1.0,1.0,1.0,,1.0,,,,,,,,,1.0,1.0,,0.058823529411764705,0.14285714285714285,,,,,,,,1.0,,0.2,,,,,,,,,,,2026
1627673,1611661313,Jonquel Jones,Jonquel Jones,1627673,NYL,1199.6,4,20.0,44.0,229,223,90.0,60.0,24.0,452,6.0,10.0,2.0,5.0,1.0,3.0,2.0,4.0,1.0,3.0,4.0,10.0,9.0,17.0,5.0,13.0,13.0,46.0,232,2.0,3.0,8.0,3.0,7.0,20.0,12.0,6.0,15.0,10.0,4.0,2.0,5.0,4.0,9.0,2.0,2.0,4.0,22.0,3.0,1.0,13.0,10.0,25.0,4.0,29.0,,4.0,3.0,1.0,3.0,1.0,1.0,8.0,2.0,,11.0,1.0,2.0,3.0,15.0,,11.0,3.0,,15.0,2.0,38.0,20.0,90.0,1.0,,7.0,2.0,-2.0,8.0,3.0,120.52401746724891,104.03587443946188,0.6666666666666666,0.75,1.0,0.38461538461538464,0.38461538461538464,0.5294117647058824,0.6666666666666666,0.42857142857142855,0.55,0.6666666666666666,0.45,0.6216216216216216,0.8,0.625,0.43333333333333335,0.11764705882352941,0.1,0.3333333333333333,18.75,0.2727272727272727,0.18181818181818182,0.03333333333333333,0.25,0.05660377358490566,0.21495327102803738,0.04819277108433735,,0.0625,0.02631578947368421,0.13333333333333333,0.3333333333333333,0.13333333333333333,0.25,0.25,,0.3333333333333333,0.6,0.6666666666666666,0.8333333333333334,0.1,0.3333333333333333,0.5,,0.13333333333333333,0.5,0.5,0.5,0.1,0.3333333333333333,0.3333333333333333,1.0,0.3333333333333333,0.4,0.4,1.0,0.5,0.4,0.7666666666666667,0.4,0.52091,0.49977,0.0625,0.10526315789473684,0.17391304347826086,0.43478260869565216,7.147058823529412,24.076923076923077,0.5,0.3930131004366812,2.0,3.0,1.0,,,1.0,2.0,,,4.0,1.0,3.0,11.0,,2.0,,1.0,,,,,0.3333333333333333,0.1,1.0,0.6666666666666666,,,,0.1,0.2,0.5,0.617,,,,0.25,,2.0,,7.0,1.0,,1.0,2.0,1.0,0.2857142857142857,,,0.5,5.0,5.0,,,,,,,1.0,,,0.5,,,,,,,,,1.0,,,,,,,,2026
1631007,1611661331,Veronica Burton,Veronica Burton,1631007,GSV,1172.3,3,20.0,25.0,186,187,44.0,47.0,31.0,373,1.0,6.0,,1.0,6.0,14.0,1.0,2.0,2.0,3.0,3.0,12.0,8.0,22.0,5.0,15.0,14.0,45.0,184,1.0,3.0,4.0,2.0,3.0,15.0,6.0,10.0,12.0,12.0,3.0,3.0,10.0,12.0,22.0,11.0,1.0,4.0,56.0,1.0,1.0,2.0,4.0,6.0,2.0,8.0,,6.0,5.0,1.0,5.0,,3.0,1.0,2.0,,6.0,,3.0,4.0,12.0,2.0,22.0,2.0,4.0,15.0,6.0,41.0,15.0,44.0,1.0,,1.0,,5.0,,4.0,112.36559139784946,98.39572192513369,0.375,0.375,0.8,0.3333333333333333,0.3333333333333333,0.36363636363636365,0.3333333333333333,0.6666666666666666,0.4189189189189189,0.25,0.625,0.5232558139534884,0.4,0.6818181818181818,0.40540540540540543,0.13636363636363635,0.16666666666666666,0.14285714285714285,21.874999999999996,0.8333333333333334,0.07142857142857142,0.017857142857142856,0.05714285714285714,0.019230769230769232,0.06593406593406594,0.018518518518518517,,0.03125,0.023255813953488372,,0.1111111111111111,0.041666666666666664,0.03571428571428571,0.14285714285714285,,0.16216216216216217,0.16666666666666666,0.2,,0.3783783783783784,0.42857142857142855,0.5,0.5,0.05405405405405406,0.5,0.5,,0.08108108108108109,0.6666666666666666,0.6666666666666666,1.0,0.32432432432432434,0.25,0.25,0.6666666666666666,0.125,,0.5675675675675675,0.25,0.4579805555555556,0.4608857142857143,0.14634146341463414,0.23076923076923078,0.08888888888888889,0.3333333333333333,7.681818181818182,29.06,0.125,0.23655913978494625,,1.0,,,1.0,2.0,5.0,,1.0,2.0,2.0,5.0,5.0,3.0,,6.0,,,2.0,,,0.4,0.07142857142857142,0.25,,0.25,,,,0.625,0.4,0.4812666666666667,,0.2,1.0,0.6,,,1.0,,,,,,,,,,,2.0,2.0,5.0,,2.0,,,,,,,,,,,,,,,,,,,,,,,,2026
1631055,1611661332,Nyara Sabally,Nyara Sabally,1631055,TOR,1126.8999999999999,4,19.0,10.0,191,197,47.0,56.0,23.0,388,12.0,19.0,3.0,5.0,1.0,3.0,,,,3.0,,1.0,13.0,22.0,,4.0,11.0,37.0,186,2.0,4.0,8.0,3.0,6.0,8.0,16.0,10.0,,1.0,,2.0,5.0,5.0,10.0,4.0,1.0,3.0,25.0,3.0,9.0,3.0,9.0,12.0,12.0,24.0,1.0,7.0,4.0,3.0,2.0,,,3.0,2.0,1.0,5.0,1.0,2.0,4.0,11.0,,17.0,2.0,,15.0,7.0,29.0,8.0,47.0,2.0,,5.0,,,,,102.61780104712042,94.41624365482234,0.6153846153846154,0.7272727272727273,,,,0.5909090909090909,0.5,0.5,0.5,0.4,0.5,0.5606060606060606,0.5714285714285714,0.5,0.15384615384615385,0.09090909090909091,0.10526315789473684,,17.194570135746606,0.4,0.2647058823529412,0.16981132075471697,0.075,0.0625,0.16216216216216217,0.1188118811881188,0.125,0.22727272727272727,0.09375,,0.36363636363636365,0.21052631578947367,0.03333333333333333,0.2,0.09090909090909091,0.7307692307692307,0.631578947368421,0.7058823529411765,0.5833333333333334,0.11538461538461539,0.3333333333333333,0.3333333333333333,1.0,,,,,0.11538461538461539,,,,0.038461538461538464,,,,0.8333333333333334,0.6,0.8846153846153846,,0.578325,0.5465333333333333,0.21875,0.25,0.21621621621621623,0.21621621621621623,2.8454545454545457,23.25,1.0,0.24607329842931938,2.0,4.0,,,,,,,1.0,4.0,,,2.0,,4.0,1.0,1.0,,1.0,,,,0.25,0.8,0.5,,,,,,,0.5835899999999999,,0.14285714285714285,,0.25,,,,2.0,6.0,3.0,3.0,6.0,5.0,,,0.14285714285714285,0.8333333333333334,1.0,1.0,4.0,,,,,,,,,,,,,1.0,,0.2,,,,,,,,,,,2026
1630134,1611661327,Sug Sutton,Sug Sutton,1630134,PDX,1108.4,3,18.0,-14.0,138,132,47.0,47.0,12.0,270,4.0,6.0,1.0,1.0,7.0,16.0,,1.0,,1.0,2.0,7.0,11.0,23.0,2.0,8.0,6.0,34.0,154,,1.0,1.0,3.0,5.0,14.0,,22.0,6.0,7.0,2.0,2.0,13.0,4.0,17.0,4.0,,6.0,38.0,,,2.0,2.0,4.0,1.0,5.0,,2.0,,2.0,3.0,1.0,2.0,3.0,1.0,,6.0,,1.0,1.0,5.0,2.0,8.0,1.0,,10.0,3.0,33.0,14.0,47.0,1.0,,,,,,,101.44927536231884,116.66666666666666,,,1.0,0.25,0.25,0.4782608695652174,,0.6,0.45161290322580644,,0.6428571428571429,0.4722222222222222,0.25,0.7,0.25806451612903225,0.08695652173913043,0.16666666666666666,,27.096774193548388,0.5,0.08333333333333333,,0.08,,0.08163265306122448,,,,,,0.1,,0.1,,,0.1935483870967742,0.6666666666666666,0.8,,0.5161290322580645,0.4375,0.4375,,0.03225806451612903,,,,0.03225806451612903,,,,0.22580645161290322,0.2857142857142857,0.2857142857142857,1.0,0.14285714285714285,1.0,0.45161290322580644,0.2857142857142857,0.461165,0.4670714285714285,0.08823529411764706,0.11538461538461539,0.029411764705882353,0.4117647058823529,6.708695652173914,26.625,0.2222222222222222,0.34057971014492755,,,,,,1.0,2.0,,,1.0,1.0,2.0,5.0,,,6.0,1.0,,,,,0.5,0.16666666666666666,,,,,,,0.2857142857142857,0.5,0.4179,,0.5,,,1.0,,,,,,,,,,0.2,,,2.0,2.0,,,,,,,,,,,,,,,,,,1.0,,,,,,,,,2026
1631141,1611661328,Jade Melbourne,Jade Melbourne,1631141,SEA,1069.3999999999999,5,18.0,-34.0,255,261,88.0,75.0,23.0,516,12.0,13.0,4.0,4.0,1.0,6.0,,2.0,1.0,3.0,3.0,8.0,13.0,21.0,4.0,11.0,27.0,65.0,278,,2.0,3.0,4.0,7.0,17.0,8.0,18.0,9.0,8.0,3.0,1.0,7.0,14.0,21.0,12.0,2.0,3.0,56.0,1.0,1.0,3.0,2.0,5.0,2.0,7.0,,5.0,4.0,1.0,10.0,,7.0,2.0,3.0,1.0,12.0,1.0,3.0,2.0,14.0,1.0,23.0,,3.0,33.0,14.0,62.0,15.0,86.0,4.0,,5.0,,3.0,,,95.68627450980392,106.51340996168582,0.3076923076923077,0.3076923076923077,0.75,0.36363636363636365,0.36363636363636365,0.6190476190476191,,0.5714285714285714,0.59375,0.375,0.36363636363636365,0.6914893617021277,0.375,0.4722222222222222,0.34375,0.047619047619047616,,0.16666666666666666,21.071428571428573,0.8333333333333334,0.028169014084507043,0.016129032258064516,0.0625,0.019230769230769232,0.04201680672268908,0.017543859649122806,0.05555555555555555,,,0.0625,,0.07407407407407407,0.06976744186046512,,,0.40625,0.9230769230769231,0.9230769230769231,0.3333333333333333,0.1875,0.16666666666666666,0.2,,0.0625,,,,0.09375,0.3333333333333333,0.3333333333333333,1.0,0.25,0.375,0.375,0.6666666666666666,0.36363636363636365,1.0,0.75,0.375,0.5342375,0.542409090909091,0.32558139534883723,0.4375,0.046153846153846156,0.26153846153846155,4.995238095238095,24.772727272727273,0.4,0.34509803921568627,,,1.0,1.0,2.0,,3.0,1.0,2.0,,,4.0,9.0,3.0,,4.0,,,3.0,,0.5,,,,,0.5,0.5,1.0,0.09090909090909091,0.2727272727272727,,0.4781666666666667,,,,,,,,1.0,2.0,2.0,,2.0,,,,,,4.0,2.0,3.0,,,,,,,,,,,,,,,,,,,,,,,,,,2026
204333,1611661329,Natasha Cloud,Natasha Cloud,204333,CHI,1065.0,4,18.0,-7.0,213,216,54.0,66.0,22.0,429,8.0,9.0,1.0,2.0,4.0,10.0,2.0,4.0,1.0,1.0,2.0,12.0,14.0,23.0,3.0,13.0,9.0,46.0,237,,2.0,,3.0,6.0,11.0,,28.0,9.0,12.0,2.0,1.0,12.0,7.0,19.0,5.0,2.0,3.0,45.0,1.0,,11.0,8.0,20.0,1.0,21.0,,3.0,2.0,1.0,9.0,2.0,7.0,3.0,2.0,,12.0,1.0,4.0,8.0,17.0,2.0,10.0,1.0,,13.0,6.0,46.0,11.0,54.0,,4.0,,,1.0,1.0,3.0,107.981220657277,109.72222222222221,,,1.0,0.23076923076923078,0.23076923076923078,0.6086956521739131,,0.5,0.5138888888888888,,0.4090909090909091,0.5476190476190477,,0.4583333333333333,0.3611111111111111,0.043478260869565216,,0.1,22.689075630252102,0.75,0.12903225806451613,,0.2619047619047619,0.025,0.18269230769230768,0.010309278350515464,,,0.030303030303030304,,0.125,0.10344827586206896,0.2857142857142857,0.14285714285714285,,0.25,0.8888888888888888,0.8888888888888888,,0.2777777777777778,0.4,0.4444444444444444,,0.1111111111111111,0.5,0.5,,0.027777777777777776,1.0,1.0,1.0,0.3333333333333333,0.16666666666666666,0.16666666666666666,1.0,0.18181818181818182,0.5,0.6111111111111112,0.16666666666666666,0.47852222222222224,0.4523818181818182,0.14634146341463414,0.21428571428571427,,0.2391304347826087,6.9913043478260875,24.792307692307695,0.16666666666666666,0.2535211267605634,,,,,,1.0,5.0,,,,1.0,5.0,2.0,,,7.0,2.0,,1.0,,,0.2,0.17647058823529413,,,,,,,0.45454545454545453,0.2,0.3598,,,0.5,0.2,,1.0,,1.0,1.0,,1.0,1.0,,0.14285714285714285,,,,1.0,1.0,11.0,,,,,,,,,,,,,,,,,,,,,,,,,,2026
1628882,1611661328,Lexie Brown,Lexie Brown,1628882,SEA,1047.0,5,17.0,-29.0,198,197,58.0,63.0,19.0,395,2.0,3.0,,,1.0,2.0,,1.0,1.0,3.0,5.0,10.0,3.0,6.0,6.0,13.0,1.0,25.0,230,,1.0,,,1.0,3.0,2.0,4.0,18.0,10.0,5.0,1.0,4.0,3.0,7.0,2.0,1.0,2.0,17.0,,1.0,6.0,4.0,10.0,1.0,11.0,,2.0,2.0,,3.0,2.0,2.0,5.0,1.0,1.0,8.0,1.0,3.0,6.0,9.0,,5.0,,3.0,1.0,1.0,25.0,3.0,58.0,,,1.0,,1.0,,,101.51515151515152,116.751269035533,0.3333333333333333,0.3333333333333333,1.0,0.46153846153846156,0.46153846153846156,0.5,,,0.631578947368421,,0.375,0.6578947368421053,,0.375,0.6842105263157895,0.16666666666666666,0.3333333333333333,,12.38532110091743,0.375,0.07142857142857142,0.022222222222222223,0.1935483870967742,,0.11494252873563218,0.011764705882352941,,,,,0.08333333333333333,,0.08,0.6666666666666666,,0.15789473684210525,0.6666666666666666,1.0,0.5,0.10526315789473684,0.5,0.5,,0.05263157894736842,,,,0.15789473684210525,0.3333333333333333,0.3333333333333333,1.0,0.5263157894736842,0.5,0.5,1.0,,,0.8421052631578947,0.5,0.5133631578947369,0.4640125,0.05263157894736842,0.16666666666666666,,0.12,6.183333333333334,24.646153846153844,,0.29292929292929293,,,1.0,,1.0,,2.0,,1.0,,1.0,3.0,,,,2.0,,,1.0,,,0.3333333333333333,0.25,,,0.5,,,0.25,0.5,,0.492725,,,1.0,,,,,2.0,1.0,1.0,,1.0,,,,0.08333333333333333,,,,,,,,,,,,,,,,,,1.0,,1.0,,,,,,,,,,2026
1627701,1611661332,Temi Fagbenle,Temi Fagbenle,1627701,TOR,937.9,1,16.0,,34,35,14.0,6.0,3.0,69,,,,,,,,1.0,,,,1.0,,1.0,,1.0,2.0,2.0,30,,,,,,,,,,1.0,,,,1.0,1.0,,1.0,,3.0,,,1.0,,1.0,,1.0,,1.0,1.0,,3.0,,3.0,1.0,,,4.0,,,2.0,4.0,,1.0,,,2.0,1.0,2.0,,14.0,1.0,,,,2.0,,,88.23529411764706,85.71428571428572,,,,,,,,,,,,0.3333333333333333,,,0.5,,,,18.91891891891892,0.75,,,0.25,,0.1,,,,,,,,0.25,,,,,,,,,,,0.5,,,,,,,,0.5,,,,,,0.5,,0.471625,,0.3333333333333333,0.5,,,14.5,22.9,,0.4117647058823529,,,,,,,,,,,,,,,,,,,,,,,,,,,,,,,,,,,,,,,,1.0,,,,,,,,,,,,1.0,,,,,,,,,,,,,,,,,,,,,,,,,,2026
1631263,1611661332,Nikolina Milic,Nikolina Milic,1631263,TOR,933.2,3,16.0,-14.0,51,50,9.0,5.0,5.0,101,3.0,4.0,1.0,1.0,,1.0,,,,,,,3.0,5.0,,,,6.0,66,1.0,1.0,2.0,1.0,1.0,2.0,4.0,2.0,,,,,1.0,,1.0,,,1.0,2.0,1.0,,1.0,1.0,2.0,1.0,3.0,,,,,1.0,1.0,,3.0,1.0,,4.0,,,1.0,4.0,,,,,,,4.0,2.0,9.0,1.0,,2.0,,,,,101.96078431372548,132.0,0.6666666666666666,1.0,,,,0.6,1.0,1.0,0.6,1.0,1.0,0.6,1.0,1.0,,,,,16.07142857142857,0.25,0.1,,0.1111111111111111,0.08333333333333333,0.10526315789473684,0.045454545454545456,,,0.09090909090909091,,,0.16666666666666666,0.125,,,0.8,0.75,0.75,0.6666666666666666,0.2,,,,,,,,,,,,,,,,1.0,1.0,0.8,,0.63872,0.7709,,,0.3333333333333333,0.3333333333333333,3.18,,,0.17647058823529413,1.0,1.0,,,,,,,,,,,,,2.0,,,,,,,,,1.0,1.0,,,,,,,,,,,,,,,2.0,,,,,,,,,,,,,,,,,,,,,,,,,,,,,,,,,,,,,,2026
1642291,1611661330,Angel Reese,Angel Reese,1642291,ATL,926.0,3,15.0,-15.0,194,197,42.0,39.0,37.0,391,9.0,23.0,,3.0,,2.0,,,,,,2.0,9.0,25.0,,2.0,14.0,32.0,195,5.0,11.0,15.0,,5.0,5.0,6.0,12.0,,2.0,,2.0,3.0,4.0,7.0,2.0,2.0,3.0,18.0,11.0,10.0,4.0,10.0,17.0,21.0,38.0,2.0,3.0,2.0,1.0,4.0,,2.0,12.0,2.0,5.0,16.0,4.0,2.0,3.0,11.0,,14.0,1.0,,18.0,10.0,17.0,5.0,42.0,1.0,,2.0,4.0,,,4.0,92.78350515463917,98.98477157360406,0.3333333333333333,0.5,,,,0.36,0.45454545454545453,,0.3333333333333333,0.45454545454545453,,0.45714285714285713,0.5357142857142857,0.3125,0.07407407407407407,0.08,0.043478260869565216,0.5,21.25,0.25,0.18867924528301888,0.17857142857142858,0.10256410256410256,0.2037037037037037,0.15217391304347827,0.19090909090909092,0.2,0.13333333333333333,0.22916666666666666,,0.21739130434782608,0.1875,0.06451612903225806,0.25,0.125,0.8518518518518519,0.391304347826087,0.4090909090909091,0.3333333333333333,0.07407407407407407,,,,,,,,,,,,0.07407407407407407,,,,0.6,,0.9259259259259259,,0.5915370370370371,0.54696,0.2857142857142857,0.30303030303030304,0.46875,0.15625,2.52,25.0,1.0,0.21649484536082475,5.0,10.0,,,,,,,,5.0,,,5.0,,6.0,,,1.0,2.0,,,,0.14285714285714285,0.9090909090909091,0.5,,,,,,,0.573025,,0.42857142857142855,,,,3.0,2.0,4.0,4.0,1.0,3.0,5.0,1.0,0.75,,0.16666666666666666,0.2,,,-6.0,,,,,,1.0,1.0,,,,,,,,,,,,,,,,,,,2026
204335,1611661313,Betnijah Laney-Hamilton,Betnijah Laney-Hamilton,204335,NYL,919.3,4,15.0,28.0,192,194,55.0,48.0,20.0,386,2.0,2.0,2.0,2.0,3.0,3.0,1.0,1.0,2.0,7.0,2.0,7.0,6.0,6.0,4.0,14.0,9.0,33.0,205,,,2.0,4.0,4.0,16.0,4.0,8.0,12.0,7.0,2.0,,4.0,5.0,9.0,1.0,4.0,3.0,23.0,,,5.0,3.0,8.0,1.0,9.0,,1.0,1.0,,2.0,2.0,1.0,4.0,1.0,1.0,6.0,1.0,3.0,1.0,4.0,,8.0,2.0,,10.0,3.0,31.0,16.0,55.0,1.0,,,,,,,121.35416666666667,105.6701030927835,0.3333333333333333,0.3333333333333333,1.0,0.2857142857142857,0.2857142857142857,1.0,,1.0,0.6,,0.7857142857142857,0.66,0.5,0.8,0.7,,,,14.418604651162791,0.3333333333333333,0.06,,0.10638297872340426,,0.08247422680412371,,,,,,,0.07407407407407407,0.1111111111111111,0.09090909090909091,,0.1,1.0,1.0,0.5,0.15,1.0,1.0,,0.05,1.0,1.0,1.0,0.35,0.2857142857142857,0.2857142857142857,1.0,0.35,0.2857142857142857,0.2857142857142857,1.0,0.2857142857142857,1.0,0.8,0.2857142857142857,0.536085,0.5243285714285715,0.13043478260869565,0.3333333333333333,0.06060606060606061,0.48484848484848486,8.333333333333334,24.05,,0.2864583333333333,,,2.0,,1.0,,1.0,,1.0,2.0,1.0,3.0,5.0,,,1.0,,1.0,,,,0.3333333333333333,0.08333333333333333,,,1.0,,,0.2857142857142857,0.14285714285714285,,0.62175,,,,0.4,1.0,,,,1.0,1.0,,1.0,1.0,,0.3333333333333333,,1.0,2.0,2.0,,,,,,,,,,,,,,,1.0,,0.5,,,,,,,,,,2026
1642210,1611661313,Julie Vanloo,Julie Vanloo,1642210,NYL,914.4000000000001,4,15.0,36.0,143,142,67.0,45.0,14.0,285,1.0,1.0,,,,,,1.0,,,7.0,12.0,1.0,2.0,7.0,12.0,4.0,27.0,137,,,,,1.0,13.0,,2.0,18.0,12.0,7.0,,12.0,7.0,19.0,6.0,1.0,10.0,45.0,1.0,,1.0,6.0,7.0,1.0,8.0,,2.0,2.0,,4.0,4.0,4.0,4.0,,,8.0,,3.0,3.0,8.0,,4.0,1.0,,4.0,,27.0,13.0,67.0,2.0,2.0,-6.0,,1.0,,,120.97902097902099,96.47887323943662,,,0.8571428571428571,0.5833333333333334,0.5833333333333334,0.5,,,0.8214285714285714,,0.9,0.84375,,0.9285714285714286,0.8571428571428571,,,,15.286624203821656,0.5,0.14634146341463414,,0.030303030303030304,0.030303030303030304,0.0945945945945946,0.0196078431372549,,,,0.09090909090909091,,0.13636363636363635,0.03571428571428571,,,0.07142857142857142,1.0,1.0,,,,,,0.07142857142857142,,,,,,,,0.8571428571428571,0.5833333333333334,0.5833333333333334,0.8571428571428571,,,0.9285714285714286,0.5833333333333334,0.49606785714285717,0.44530000000000003,,,,0.48148148148148145,10.25,24.95,,0.46853146853146854,,,,,,3.0,4.0,,,,3.0,4.0,4.0,3.0,,2.0,,,,,,0.75,0.3333333333333333,,,,,,,0.8,0.75,,,,,0.2,,,,,,,,,,,,,,2.0,2.0,,,,,,,,,,,,,,,,,,,,,1.0,,,,,,2026
1641683,1611661327,Holly Winterburn,Holly Winterburn,1641683,PDX,758.0,2,13.0,-4.0,45,48,21.0,35.0,4.0,93,2.0,2.0,1.0,1.0,,1.0,,,,,,3.0,2.0,3.0,,3.0,2.0,6.0,47,1.0,1.0,2.0,1.0,1.0,4.0,4.0,,,3.0,,,2.0,3.0,5.0,3.0,,1.0,13.0,,,3.0,,3.0,,3.0,,1.0,,1.0,1.0,1.0,,1.0,1.0,,2.0,,2.0,,4.0,,2.0,,,2.0,,4.0,4.0,21.0,1.0,,,,,,,95.55555555555556,97.91666666666667,1.0,1.0,,,,0.6666666666666666,1.0,1.0,0.3333333333333333,1.0,0.5,0.42857142857142855,1.0,0.6666666666666666,0.5,,,,18.75,0.5,,,0.2,,0.125,,,,,,,,0.16666666666666666,0.3333333333333333,,0.3333333333333333,1.0,1.0,1.0,0.16666666666666666,,,,,,,,,,,,0.5,,,,0.5,1.0,0.8333333333333334,,0.5438500000000001,0.583525,,,0.3333333333333333,0.6666666666666666,3.1,25.566666666666666,,0.4666666666666667,1.0,1.0,,,,,1.0,,,,,1.0,2.0,,,1.0,,,,,,,,1.0,1.0,,,,,0.5,,,,,,0.6666666666666666,,,,,,,,,,,,,,1.0,1.0,,,,,,,,,,1.0,,,,,,,,,,,,,,,,,2026
1641660,1611661328,Zia Cooke,Zia Cooke,1641660,SEA,757.8000000000001,5,13.0,-2.0,184,189,60.0,68.0,20.0,373,6.0,13.0,3.0,3.0,3.0,11.0,1.0,5.0,1.0,5.0,5.0,13.0,10.0,29.0,6.0,18.0,11.0,49.0,193,1.0,4.0,5.0,4.0,8.0,21.0,14.0,6.0,15.0,13.0,5.0,4.0,6.0,3.0,9.0,2.0,1.0,5.0,21.0,2.0,4.0,2.0,7.0,10.0,6.0,16.0,1.0,3.0,2.0,1.0,4.0,1.0,2.0,4.0,2.0,,8.0,,2.0,2.0,7.0,,12.0,,2.0,15.0,6.0,44.0,21.0,60.0,1.0,,,,,,,103.80434782608695,102.11640211640213,0.7,0.7777777777777778,0.8333333333333334,0.3333333333333333,0.3333333333333333,0.3448275862068966,0.25,0.5,0.40425531914893614,0.25,0.4375,0.4528301886792453,0.4,0.525,0.3829787234042553,0.13793103448275862,0.15384615384615385,0.18181818181818182,29.468599033816428,0.5,0.15555555555555556,0.08695652173913043,0.05714285714285714,0.05555555555555555,0.1125,0.07317073170731707,0.05263157894736842,0.1111111111111111,0.08,,0.16666666666666666,0.1111111111111111,0.07142857142857142,,0.038461538461538464,0.2765957446808511,0.46153846153846156,0.5454545454545454,0.6666666666666666,0.23404255319148937,0.2727272727272727,0.3333333333333333,0.6666666666666666,0.10638297872340426,0.2,0.2,1.0,0.10638297872340426,0.2,0.2,1.0,0.2765957446808511,0.38461538461538464,0.4166666666666667,0.8,0.1875,1.0,0.6595744680851063,0.38461538461538464,0.5065271739130435,0.4834833333333333,0.11538461538461539,0.17647058823529413,0.10204081632653061,0.42857142857142855,6.637931034482759,25.694444444444443,0.625,0.32608695652173914,1.0,3.0,2.0,,,1.0,6.0,,,3.0,2.0,8.0,7.0,3.0,2.0,1.0,,1.0,1.0,,,0.25,0.2222222222222222,0.75,0.3333333333333333,,,,0.125,0.375,0.16666666666666666,0.539075,,0.42857142857142855,,0.3333333333333333,,1.0,,1.0,,,,,,0.125,,0.1111111111111111,,1.0,1.0,6.0,1.0,,2.0,0.05555555555555555,,,,0.07692307692307693,,,,,,1.0,,0.5,,,,,,,,,,2026
1643527,1611661327,Jordan Harrison,Jordan Harrison,1643527,PDX,689.0,1,11.0,-13.0,26,23,,4.0,1.0,49,1.0,4.0,,,1.0,2.0,,,,,,,2.0,6.0,,,,4.0,37,,,,,,,,4.0,,,,2.0,2.0,2.0,4.0,2.0,,1.0,10.0,,,,,,,,,,,,2.0,,1.0,,1.0,,2.0,,,2.0,2.0,,,,,,,4.0,,,,,1.0,,,,,92.3076923076923,160.86956521739128,,,,,,0.3333333333333333,,,0.3333333333333333,,,0.3333333333333333,,,,0.3333333333333333,0.25,0.5,29.629629629629626,1.0,,,,,,,,,,,,,,,,0.6666666666666666,0.25,0.3333333333333333,,0.3333333333333333,0.5,1.0,,,,,,,,,,,,,,,,0.6666666666666666,,0.56445,,,,,,3.716666666666667,,1.0,,,,,,,,,,,,,,,,,1.0,,,,,,,,,,,,,,,,,,,,,,,,,,,,,,,,,,,,,,,,,,,,,,,,,,,,,,,,,,,,,,2026
1628886,1611661330,Jordin Canada,Jordin Canada,1628886,ATL,668.8000000000001,3,11.0,-15.0,182,184,48.0,43.0,31.0,366,9.0,13.0,3.0,6.0,2.0,4.0,1.0,1.0,,2.0,4.0,10.0,12.0,18.0,4.0,12.0,6.0,42.0,199,1.0,2.0,3.0,4.0,9.0,14.0,6.0,18.0,12.0,10.0,4.0,2.0,9.0,7.0,16.0,6.0,1.0,9.0,39.0,,2.0,5.0,5.0,10.0,2.0,12.0,,10.0,3.0,7.0,3.0,4.0,3.0,4.0,,,7.0,,,4.0,6.0,,10.0,,3.0,7.0,4.0,39.0,14.0,48.0,,,,,,,,101.0989010989011,108.15217391304347,0.25,0.25,1.0,0.3333333333333333,0.3333333333333333,0.6666666666666666,0.5,0.4444444444444444,0.6,0.25,0.4583333333333333,0.6363636363636364,0.3,0.5384615384615384,0.4,0.1111111111111111,0.07692307692307693,0.25,18.099547511312217,0.42857142857142855,0.09259259259259259,0.037037037037037035,0.15151515151515152,,0.11494252873563218,0.02040816326530612,,0.08333333333333333,,,0.038461538461538464,0.23529411764705882,0.13793103448275862,0.25,,0.43333333333333335,0.6923076923076923,0.75,0.2222222222222222,0.13333333333333333,0.5,0.6666666666666666,0.5,0.03333333333333333,1.0,1.0,,0.06666666666666667,,,,0.3333333333333333,0.4,0.4,1.0,0.5,0.5,0.8333333333333334,0.4,0.5507706896551724,0.5527590909090909,0.12121212121212122,0.19047619047619047,0.07142857142857142,0.3333333333333333,3.9111111111111114,27.0,1.0,0.26373626373626374,,1.0,1.0,,1.0,1.0,2.0,,2.0,1.0,1.0,3.0,3.0,,,,,,1.0,,,0.3333333333333333,,0.25,,0.25,,,0.08333333333333333,0.16666666666666666,0.5,0.55215,,0.5,,0.375,,,,,,,,,,,,0.14285714285714285,,,,,1.0,,,0.08333333333333333,0.5,,,,,,,,1.0,,0.25,,,,,,,,,,,2026
1642302,1611661330,Isobel Borlase,Isobel Borlase,1642302,ATL,666.8,3,11.0,-8.0,25,24,6.0,7.0,1.0,49,,,,,,1.0,,,,,1.0,1.0,,1.0,1.0,1.0,,3.0,31,,1.0,,,1.0,,,,3.0,1.0,1.0,,,,,,,,,,,,,1.0,,1.0,,,,,,,,,,,,,,,,,,,,,,3.0,,6.0,,,,,,,,92.0,129.16666666666669,,,1.0,1.0,1.0,,,,0.75,,,0.75,,,0.5,,,,7.692307692307692,,,,,,,,,,,,,,,,,,,,,0.5,,,,,,,,,,,,0.5,1.0,1.0,1.0,,,0.5,1.0,0.488725,0.3998,,,,,8.3,25.3,,0.24,,,,,,,,,,,,,,,,,,,,,,,,,,,,,,,,0.3998,,,,,,1.0,,,,,,,,0.3333333333333333,,,,,,,,,,,,,,,,,,,,,,,,,,,,,,,,2026
1641648,1611661325,Aliyah Boston,Aliyah Boston,1641648,IND,650.7,4,11.0,19.0,186,182,60.0,45.0,21.0,368,12.0,15.0,5.0,5.0,4.0,9.0,,2.0,,1.0,4.0,9.0,16.0,26.0,4.0,10.0,16.0,60.0,195,2.0,2.0,6.0,7.0,9.0,33.0,16.0,16.0,12.0,9.0,4.0,1.0,6.0,3.0,9.0,3.0,,3.0,21.0,3.0,3.0,5.0,12.0,17.0,6.0,23.0,2.0,6.0,4.0,2.0,4.0,,4.0,4.0,,,8.0,,2.0,4.0,12.0,1.0,24.0,1.0,1.0,20.0,3.0,54.0,33.0,60.0,2.0,,3.0,,4.0,,1.0,115.05376344086021,107.14285714285714,0.5,0.5333333333333333,1.0,0.4,0.4,0.6153846153846154,1.0,0.7777777777777778,0.6111111111111112,1.0,0.5666666666666667,0.6521739130434783,0.75,0.66,0.2777777777777778,0.038461538461538464,,0.1111111111111111,25.837320574162682,0.5,0.2608695652173913,0.08823529411764706,0.19230769230769232,0.06976744186046512,0.2361111111111111,0.07792207792207792,0.058823529411764705,0.08333333333333333,0.08333333333333333,,0.3333333333333333,0.3157894736842105,0.15789473684210525,0.2857142857142857,0.14285714285714285,0.4166666666666667,0.8,0.8,0.5833333333333334,0.25,0.4444444444444444,0.5,0.25,0.05555555555555555,,,,0.027777777777777776,,,,0.25,0.4444444444444444,0.4444444444444444,1.0,0.3333333333333333,1.0,0.6944444444444444,0.4444444444444444,0.5193916666666667,0.5258499999999999,0.07692307692307693,0.10344827586206896,0.1,0.55,5.411538461538461,25.47,0.2,0.3225806451612903,2.0,2.0,1.0,,,1.0,5.0,,,2.0,1.0,6.0,16.0,,2.0,1.0,2.0,,,,,0.16666666666666666,,1.0,1.0,,,,0.06666666666666667,0.3333333333333333,0.2,0.48945,,0.6666666666666666,0.5,0.4,,,,3.0,4.0,1.0,2.0,4.0,4.0,,,0.2,1.0,7.0,7.0,5.0,,,,,,,,,0.5,,,,,,,,,,1.0,,,,,,,2026
1643433,1611661325,Raven Johnson,Raven Johnson,1643433,IND,641.0,5,11.0,-19.0,127,133,45.0,64.0,16.0,260,2.0,2.0,1.0,1.0,1.0,4.0,,,,4.0,1.0,5.0,3.0,6.0,1.0,9.0,4.0,13.0,141,,,2.0,1.0,3.0,7.0,2.0,4.0,3.0,5.0,1.0,,3.0,3.0,6.0,3.0,,3.0,15.0,3.0,,4.0,3.0,8.0,3.0,11.0,,1.0,,1.0,4.0,,2.0,3.0,2.0,,7.0,1.0,1.0,2.0,8.0,1.0,3.0,,,4.0,2.0,11.0,7.0,45.0,3.0,,5.0,,4.0,,,96.06299212598425,106.01503759398496,0.3333333333333333,0.3333333333333333,1.0,0.1111111111111111,0.1111111111111111,0.5,,0.3333333333333333,0.3,,0.2777777777777778,0.38235294117647056,1.0,0.35,0.6,,,,16.216216216216218,0.5714285714285714,0.1,,0.18181818181818182,0.09375,0.1346153846153846,0.047619047619047616,,,0.14285714285714285,,0.0625,0.1,0.14285714285714285,0.25,,0.13333333333333333,1.0,1.0,0.5,0.26666666666666666,0.25,0.25,,,,,,0.26666666666666666,,,,0.3333333333333333,0.2,0.2,1.0,0.1111111111111111,1.0,0.7333333333333333,0.2,0.4935866666666667,0.4862666666666667,0.11764705882352941,0.25,0.15384615384615385,0.5384615384615384,5.666666666666667,24.455555555555556,0.3333333333333333,0.3543307086614173,,,1.0,,,1.0,5.0,,,2.0,1.0,6.0,2.0,,,,,,,,,0.16666666666666666,0.25,,,,,,0.1111111111111111,0.5555555555555556,0.2,,,,,0.25,,1.0,,,2.0,2.0,,2.0,2.0,0.16666666666666666,,,1.0,,,5.0,,,,,,,,,,2.0,,,,,,,,,,,,,,,,2026
1630148,1611661320,Jihyun Park,Jihyun Park,1630148,LAS,565.0,2,9.0,-11.0,19,18,5.0,10.0,3.0,37,1.0,1.0,,,,1.0,,,,1.0,,1.0,1.0,2.0,,2.0,,2.0,31,,,,,,,2.0,,,1.0,,1.0,2.0,,2.0,,,1.0,4.0,1.0,,,,,1.0,1.0,,,,,,,,,,,,,,1.0,3.0,,2.0,1.0,1.0,,,2.0,,5.0,1.0,,,,1.0,,,105.26315789473684,172.22222222222223,1.0,1.0,,,,0.5,,,0.25,,,0.25,,,0.5,0.5,,1.0,16.666666666666668,,,,,0.25,,0.1111111111111111,,,,0.3333333333333333,,,,,,0.25,1.0,1.0,1.0,0.25,,,,,,,,0.25,,,,0.25,,,,,,0.75,,0.5242,0.53535,,,,,4.7,23.15,1.0,0.2631578947368421,,,1.0,,,,,,,,,1.0,,,,1.0,,,,,,,,,,,,,1.0,,,,,,,,,,,,,,,,,,,,,,,,,,,,,,,,,,,,,,,,,,,1.0,,,,,,2026
1642814,1611661328,Taylor Thierry,Taylor Thierry,1642814,SEA,552.4,1,9.0,-4.0,19,19,,2.0,2.0,38,,,,,,1.0,,,,1.0,2.0,2.0,,1.0,2.0,3.0,,6.0,22,,,,,,,,,6.0,2.0,2.0,,,,,,,,,,1.0,,1.0,1.0,1.0,2.0,,,,,,,,,,,,,,2.0,5.0,1.0,,,,,,6.0,,,1.0,1.0,,1.0,,1.0,,94.73684210526315,115.78947368421052,,,1.0,0.6666666666666666,0.6666666666666666,,,,0.75,,,0.75,,,0.75,,,,19.047619047619047,,0.16666666666666666,0.25,,,0.125,0.125,,,,,0.25,,,,,,,,,0.25,,,,,,,,0.25,,,,0.5,1.0,1.0,1.0,,,0.75,1.0,0.509575,,,,,,6.6,24.566666666666666,,,,,,,,,,,,,,,,,,,,,,,,,,,,,,,,,,,,,,,,,,,,,,,,,,1.0,,,,,,,,,,,,,,,,,,,,,,,,,,,,,5.0,2026
1642304,1611661327,Carla Leite,Carla Leite,1642304,PDX,500.39999999999986,3,8.0,2.0,133,136,33.0,45.0,9.0,269,5.0,7.0,1.0,2.0,6.0,12.0,1.0,3.0,,,1.0,6.0,12.0,22.0,1.0,6.0,18.0,45.0,151,1.0,1.0,4.0,4.0,5.0,14.0,2.0,22.0,3.0,6.0,1.0,1.0,4.0,6.0,10.0,5.0,1.0,2.0,26.0,1.0,1.0,3.0,3.0,6.0,2.0,8.0,1.0,2.0,2.0,,4.0,1.0,3.0,3.0,1.0,1.0,7.0,,5.0,2.0,7.0,,12.0,,,19.0,10.0,41.0,14.0,33.0,3.0,,,,5.0,,,115.0375939849624,111.02941176470587,0.08333333333333333,0.09090909090909091,1.0,0.16666666666666666,0.16666666666666666,0.5454545454545454,1.0,0.8,0.48214285714285715,1.0,0.9166666666666666,0.6081081081081081,1.0,1.0,0.21428571428571427,0.045454545454545456,,0.08333333333333333,30.76923076923077,0.5714285714285714,0.07894736842105263,0.03571428571428571,0.13043478260869565,0.037037037037037035,0.09836065573770492,0.03636363636363636,,0.06666666666666667,0.047619047619047616,,0.058823529411764705,0.06666666666666667,0.11764705882352941,0.16666666666666666,0.07142857142857142,0.25,0.7142857142857143,0.7142857142857143,0.2,0.42857142857142855,0.5,0.5454545454545454,,0.10714285714285714,0.3333333333333333,0.3333333333333333,,,,,,0.21428571428571427,0.16666666666666666,0.16666666666666666,1.0,0.3333333333333333,0.5,0.4642857142857143,0.16666666666666666,0.45448035714285717,0.4808666666666667,0.2702702702702703,0.3225806451612903,0.08888888888888889,0.3111111111111111,7.4363636363636365,25.3,0.16666666666666666,0.24812030075187969,1.0,1.0,,,,1.0,1.0,,,2.0,1.0,1.0,3.0,,2.0,2.0,,,1.0,,,1.0,0.16666666666666666,1.0,1.0,,,,,0.16666666666666666,1.0,0.6112,,,0.5,0.2,,,,1.0,,,,,,,,,,,,,,,,,,,,,,,,,,,,,,,,,,,,,,2026
202252,1611661321,Alysha Clark,Alysha Clark,202252,DAL,491.0,4,8.0,1.0,51,52,15.0,16.0,8.0,103,,,,,1.0,1.0,,,,1.0,2.0,3.0,1.0,1.0,2.0,4.0,,8.0,58,,,,,,,,2.0,6.0,3.0,2.0,,,,,,,,,,1.0,2.0,3.0,5.0,1.0,6.0,,1.0,,1.0,,,,1.0,,,1.0,,,2.0,4.0,,2.0,,,,,8.0,,15.0,,2.0,-5.0,,,,,115.68627450980392,111.53846153846153,,,1.0,0.5,0.5,1.0,,,0.8,,,0.8,,,0.8,,,,10.16949152542373,,0.23076923076923078,0.058823529411764705,0.2222222222222222,,0.22727272727272727,0.04,,,,,0.42857142857142855,,0.2222222222222222,,,,,,,0.2,1.0,1.0,,,,,,0.2,,,,0.6,0.6666666666666666,0.6666666666666666,1.0,,,0.8,0.6666666666666666,0.47938000000000003,,,,,,6.4,23.8,,0.29411764705882354,,,,,1.0,,,,1.0,,,,,,,,,,,,,,,,,1.0,,,,,,0.5241,,,,,,,,1.0,,,,,,,,0.5,,,,,,,,,,,,,,,,,,,,,,,,,,,,,,2026
1643445,1611661332,Kiki Rice,Kiki Rice,1643445,TOR,490.29999999999995,5,8.0,31.0,253,256,76.0,74.0,34.0,509,11.0,14.0,3.0,4.0,,5.0,1.0,1.0,4.0,5.0,3.0,9.0,12.0,20.0,7.0,14.0,12.0,57.0,272,,2.0,4.0,3.0,6.0,14.0,14.0,10.0,18.0,9.0,3.0,,4.0,5.0,9.0,4.0,1.0,3.0,23.0,1.0,3.0,8.0,3.0,12.0,5.0,17.0,,2.0,1.0,1.0,3.0,,3.0,,,,3.0,,,9.0,17.0,1.0,13.0,2.0,,16.0,8.0,53.0,14.0,76.0,3.0,,9.0,,9.0,2.0,6.0,119.76284584980237,106.25,0.5833333333333334,0.5833333333333334,0.8571428571428571,0.5,0.5,0.6,,0.5,0.6617647058823529,0.3,0.45,0.7125,0.3333333333333333,0.5833333333333334,0.4117647058823529,,,,14.527027027027028,1.0,0.06666666666666667,0.04411764705882353,0.14035087719298245,0.018867924528301886,0.10784313725490197,0.03305785123966942,0.08333333333333333,0.029411764705882353,0.023809523809523808,,0.1,0.05,0.13636363636363635,0.15384615384615385,,0.4117647058823529,0.7857142857142857,0.7857142857142857,0.5454545454545454,0.14705882352941177,,,,0.029411764705882353,1.0,1.0,1.0,0.14705882352941177,0.8,0.8,0.75,0.2647058823529412,0.3333333333333333,0.375,1.0,0.4,0.75,0.8235294117647058,0.3333333333333333,0.5465514705882353,0.544835,0.21052631578947367,0.3333333333333333,0.07017543859649122,0.24561403508771928,4.11,25.142857142857142,0.25,0.30039525691699603,,1.0,1.0,,1.0,1.0,3.0,1.0,3.0,1.0,1.0,4.0,5.0,3.0,,1.0,,,4.0,,0.3333333333333333,0.25,,0.2,,0.2,,,0.1,0.3,0.3333333333333333,0.53475,,1.0,,0.2857142857142857,1.0,1.0,,,,,,,,0.1111111111111111,0.125,,,2.0,2.0,-1.0,1.0,,,0.07142857142857142,,,,0.1111111111111111,,,,,2.0,,0.4,,,,,,1.0,0.5,,,,2026
1643487,1611661317,Quionche Carter,Quionche Carter,1643487,PHX,476.5,2,8.0,-14.0,38,39,9.0,1.0,3.0,77,,,,,1.0,1.0,,,,1.0,,1.0,1.0,1.0,,2.0,,2.0,48,,,,,,,2.0,,,1.0,,,1.0,,1.0,,,,2.0,,,,2.0,2.0,,2.0,,,,,,,,,,,,,,,1.0,,,,,,,2.0,,9.0,,,,,,,,89.47368421052632,123.07692307692307,1.0,1.0,,,,1.0,,,0.3333333333333333,,,0.3333333333333333,,,0.6666666666666666,,,,7.317073170731708,,0.2222222222222222,,,,0.13333333333333333,,,,,,,0.6666666666666666,,,,,,,,0.3333333333333333,1.0,1.0,1.0,,,,,0.3333333333333333,,,,0.3333333333333333,,,,,,0.6666666666666666,,0.5148,,,,,,4.2,23.75,,0.23684210526315788,,,,,,,,,,,,,,,,1.0,,,,,,,,,,,,,,,,,,,,,,,,,,,,,,,,,,,,,,,,,,,,,,,,,,,,,,,,,,,,,,2026
1642775,1611661322,Alex Wilson,Alex Wilson,1642775,WAS,475.0999999999999,4,8.0,-21.0,115,116,39.0,45.0,17.0,231,2.0,3.0,,1.0,,1.0,,,2.0,3.0,,8.0,2.0,4.0,2.0,11.0,2.0,12.0,123,1.0,2.0,2.0,,1.0,2.0,2.0,2.0,6.0,8.0,,,2.0,1.0,3.0,,1.0,1.0,7.0,3.0,2.0,1.0,1.0,2.0,5.0,7.0,1.0,,,,2.0,,2.0,,,,2.0,,1.0,3.0,7.0,,5.0,,3.0,3.0,,10.0,2.0,39.0,2.0,,6.0,,4.0,,,88.69565217391305,106.0344827586207,0.5,1.0,1.0,0.18181818181818182,0.18181818181818182,0.5,0.5,,0.3333333333333333,0.3333333333333333,,0.375,0.3333333333333333,0.14285714285714285,0.7333333333333333,,,,13.13868613138686,1.0,0.030303030303030304,0.0625,0.04,0.11538461538461539,0.034482758620689655,0.08620689655172414,0.06666666666666667,0.08333333333333333,0.13636363636363635,,0.1111111111111111,,0.058823529411764705,,0.1,0.2,0.6666666666666666,0.6666666666666666,0.5,0.06666666666666667,,,,,,,,0.2,0.6666666666666666,0.6666666666666666,1.0,0.5333333333333333,,,,0.16666666666666666,,0.9333333333333333,,0.5229733333333333,0.489425,0.0625,,0.16666666666666666,0.16666666666666666,2.275,26.072727272727274,,0.3391304347826087,1.0,2.0,,,1.0,,5.0,,1.0,,,5.0,2.0,,2.0,1.0,,,,1.0,,,,0.6666666666666666,0.5,0.3333333333333333,,,,0.8333333333333334,,0.7404,0.08333333333333333,1.0,,0.125,,,,,1.0,1.0,,1.0,1.0,,,,1.0,,,,,,,,,,,,,,,,,,,,,,,,,,,,,2026
203024,1611661325,Damiris Dantas,Damiris Dantas,203024,IND,444.20000000000005,4,7.0,12.0,79,79,41.0,40.0,11.0,158,1.0,1.0,,,,,1.0,1.0,,1.0,4.0,8.0,2.0,2.0,4.0,9.0,,16.0,80,1.0,1.0,2.0,,,,4.0,,12.0,8.0,4.0,,1.0,,1.0,,,1.0,2.0,,,2.0,1.0,4.0,,4.0,,1.0,1.0,,2.0,,1.0,1.0,1.0,,3.0,,2.0,2.0,11.0,,2.0,1.0,,,,14.0,,41.0,3.0,2.0,-16.0,2.0,5.0,1.0,3.0,116.45569620253164,101.26582278481013,1.0,1.0,1.0,0.4444444444444444,0.4444444444444444,1.0,1.0,,0.7272727272727273,0.3333333333333333,,0.7272727272727273,0.3333333333333333,,0.8181818181818182,,,,15.217391304347826,0.6666666666666666,0.06666666666666667,,0.14285714285714285,,0.10344827586206896,,,,,,,0.1,0.2222222222222222,,,0.09090909090909091,1.0,1.0,1.0,,,,,0.09090909090909091,1.0,1.0,1.0,0.09090909090909091,,,,0.7272727272727273,0.5,0.5,1.0,,,0.9090909090909091,0.5,0.5314272727272727,0.56157,,,0.125,,8.35,24.966666666666665,,0.5189873417721519,1.0,1.0,1.0,,2.0,,4.0,,2.0,,,5.0,,,,,,,,,,,,0.3333333333333333,1.0,0.6666666666666666,,,0.2,0.8,,0.627,,,,0.6,,1.0,,1.0,2.0,,2.0,2.0,1.0,0.2,,,0.5,,,,,,,,,,,,1.0,,,,,,,,,,,,,,,,,2026
1630150,1611661319,Chennedy Carter,Chennedy Carter,1630150,LVA,421.0,5,7.0,31.0,223,224,80.0,68.0,16.0,447,25.0,32.0,10.0,11.0,8.0,12.0,3.0,6.0,,1.0,3.0,7.0,36.0,50.0,3.0,8.0,16.0,97.0,219,5.0,6.0,10.0,12.0,15.0,29.0,18.0,54.0,6.0,7.0,3.0,1.0,5.0,5.0,10.0,4.0,1.0,4.0,25.0,,3.0,2.0,8.0,10.0,4.0,14.0,,8.0,7.0,1.0,8.0,1.0,5.0,4.0,3.0,1.0,12.0,,5.0,9.0,15.0,1.0,14.0,,,22.0,10.0,87.0,29.0,80.0,1.0,1.0,-10.0,,1.0,,3.0,112.10762331838565,97.76785714285714,0.25,0.2571428571428571,0.6666666666666666,0.375,0.375,0.72,0.8333333333333334,0.8,0.6982758620689655,0.7142857142857143,0.7058823529411765,0.7132352941176471,0.7142857142857143,0.725,0.13793103448275862,0.02,0.03125,,33.61344537815126,0.6666666666666666,0.09302325581395349,0.06818181818181818,0.04878048780487805,,0.07874015748031496,0.04054054054054054,0.14285714285714285,,,,0.02857142857142857,0.06896551724137931,0.05263157894736842,,,0.5517241379310345,0.78125,0.8064516129032258,0.2,0.20689655172413793,0.6666666666666666,0.6666666666666666,0.25,0.10344827586206896,0.5,0.5,0.6666666666666666,0.017241379310344827,,,,0.1206896551724138,0.42857142857142855,0.42857142857142855,0.6666666666666666,0.6470588235294118,0.9090909090909091,0.6896551724137931,0.42857142857142855,0.5412586206896551,0.5503617647058823,0.15151515151515152,0.1724137931034483,0.10309278350515463,0.29896907216494845,5.49,24.775,0.25,0.35874439461883406,4.0,4.0,,,,,2.0,,1.0,,,2.0,5.0,3.0,2.0,1.0,,2.0,2.0,,,,0.22727272727272727,0.5714285714285714,1.0,,,,,0.11764705882352941,,0.5331333333333333,,0.14285714285714285,0.3333333333333333,,1.0,,,,1.0,1.0,,1.0,1.0,,0.125,0.07142857142857142,1.0,2.0,1.0,1.0,,1.0,,,,,,,,,,,1.0,,0.14285714285714285,,,,,,,,,,,2026
1630461,1611661317,Kiana Williams,Kiana Williams,1630461,PHX,411.0,5,7.0,-11.0,138,134,38.0,24.0,17.0,272,2.0,4.0,,1.0,1.0,1.0,,1.0,3.0,3.0,4.0,15.0,3.0,6.0,7.0,18.0,2.0,29.0,146,,,3.0,1.0,2.0,11.0,2.0,4.0,12.0,15.0,4.0,2.0,2.0,,2.0,,,1.0,4.0,,,1.0,1.0,2.0,,2.0,,3.0,2.0,1.0,3.0,,3.0,1.0,,1.0,4.0,,,1.0,6.0,1.0,1.0,,,2.0,1.0,26.0,11.0,38.0,,,,,,,,97.82608695652175,108.955223880597,0.3333333333333333,0.3333333333333333,0.5714285714285714,0.3888888888888889,0.3888888888888889,0.5,,0.5,0.5625,0.75,0.55,0.58,0.75,0.55,0.75,0.3333333333333333,0.25,,18.589743589743588,0.75,0.03125,,0.043478260869565216,,0.03636363636363636,,,,,,,,0.047619047619047616,,,0.16666666666666666,0.5,0.6666666666666666,0.5,0.041666666666666664,1.0,1.0,,0.041666666666666664,,,,0.125,1.0,1.0,1.0,0.625,0.26666666666666666,0.26666666666666666,0.25,0.1,,0.9166666666666666,0.26666666666666666,0.5388065217391305,0.4805333333333333,0.04,0.14285714285714285,0.10344827586206896,0.3793103448275862,5.333333333333333,26.977777777777778,,0.2753623188405797,,,1.0,1.0,2.0,2.0,7.0,1.0,2.0,,3.0,8.0,,9.0,,,1.0,,,,0.5,0.375,0.1,,,1.0,0.5,,0.1,0.7,0.2857142857142857,0.563475,,,1.0,0.18181818181818182,,,,,,,,,,,,,,,,,,,,,,,,,,,,,,1.0,,1.0,1.0,,,,,,,,,2026
1629524,1611661327,Bridget Carleton,Bridget Carleton,1629524,PDX,410.0999999999999,5,7.0,-37.0,290,292,68.0,91.0,24.0,582,5.0,8.0,1.0,1.0,6.0,13.0,3.0,4.0,2.0,8.0,12.0,29.0,14.0,25.0,14.0,37.0,14.0,84.0,348,2.0,3.0,7.0,3.0,5.0,15.0,10.0,18.0,42.0,29.0,12.0,3.0,5.0,4.0,9.0,2.0,2.0,3.0,22.0,1.0,1.0,6.0,6.0,13.0,2.0,15.0,,12.0,8.0,4.0,3.0,,3.0,,,,3.0,,1.0,5.0,10.0,,15.0,,2.0,15.0,4.0,77.0,13.0,67.0,1.0,,11.0,,,,,107.24137931034483,119.17808219178083,0.35714285714285715,0.35714285714285715,1.0,0.3783783783783784,0.3783783783783784,0.56,0.6666666666666666,0.6,0.5645161290322581,0.7,0.5,0.6119402985074627,0.7,0.5384615384615384,0.5967741935483871,0.12,0.25,0.07692307692307693,21.806853582554517,1.0,0.1,0.0136986301369863,0.11538461538461539,0.014925373134328358,0.10714285714285714,0.014285714285714285,,0.02564102564102564,,0.07142857142857142,0.07142857142857142,0.13043478260869565,0.10256410256410256,0.15384615384615385,,0.12903225806451613,0.625,0.8333333333333334,0.4,0.20967741935483872,0.46153846153846156,0.5,,0.06451612903225806,0.75,0.75,1.0,0.12903225806451613,0.25,0.25,1.0,0.46774193548387094,0.41379310344827586,0.41379310344827586,1.0,0.08333333333333333,1.0,0.7258064516129032,0.41379310344827586,0.5009072580645161,0.4806166666666667,0.07575757575757576,0.14285714285714285,0.08333333333333333,0.17857142857142858,8.76,24.783783783783782,0.14285714285714285,0.23448275862068965,1.0,1.0,,1.0,2.0,2.0,7.0,1.0,2.0,,2.0,7.0,3.0,,,2.0,,,1.0,1.0,0.5,0.2857142857142857,0.1111111111111111,0.2,1.0,0.4,0.5,1.0,,0.5833333333333334,0.2857142857142857,0.5073,0.02631578947368421,0.6666666666666666,1.0,0.2608695652173913,,1.0,,,2.0,,2.0,2.0,2.0,0.16666666666666666,,,1.0,1.0,,,,,3.0,,,,,,1.0,,,,,,,,,,,,,,,,,2026
1629488,1611661319,Brianna Turner,Brianna Turner,1629488,LVA,398.0,5,7.0,2.0,117,120,30.0,20.0,13.0,237,1.0,1.0,,,1.0,2.0,,,,,,,2.0,3.0,,,,4.0,112,,1.0,,,,,4.0,,,,,,,1.0,1.0,1.0,,,3.0,,5.0,2.0,8.0,10.0,5.0,15.0,,3.0,2.0,1.0,1.0,2.0,1.0,2.0,,,3.0,,1.0,3.0,4.0,,1.0,,1.0,,,4.0,,30.0,,,1.0,,,,,97.43589743589745,93.33333333333334,1.0,1.0,,,,0.6666666666666666,,,0.6666666666666666,,,0.6666666666666666,,,,,,,4.580152671755725,0.3333333333333333,0.1951219512195122,0.17857142857142858,0.10526315789473684,,0.16666666666666666,0.1111111111111111,0.16666666666666666,0.18181818181818182,,,0.3333333333333333,0.13333333333333333,0.125,,,0.3333333333333333,1.0,1.0,1.0,0.6666666666666666,0.5,0.5,1.0,,,,,,,,,,,,,,,0.3333333333333333,,0.47090000000000004,,,,,,4.166666666666667,,,0.2564102564102564,,,,,,,,,,,,,,,,,,,,,,,,,,,,,,,,0.3602,,,,,,,,,4.0,2.0,1.0,4.0,,,,0.18181818181818182,,,,,,,,,,,,,,,,,,,,,,,1.0,,,,,,,2026
1628278,1611661325,Shatori Walker-Kimbrough,Shatori Walker-Kimbrough,1628278,IND,392.0,2,7.0,-14.0,15,15,10.0,10.0,3.0,30,,,,,,,,1.0,,,,,,1.0,,,,,17,,1.0,,,,,,,,,,,,,,,,,,,,,,,,,,,,,1.0,,1.0,,,,1.0,,,,,,,,,,,,,10.0,,,,,,,,20.0,113.33333333333334,,,,,,,,,,,,,,,,,,,11.11111111111111,1.0,,,,,,,,,,,,,,,,,,,,,,,,1.0,,,,,,,,,,,,,,,,0.3872,,,,,,17.3,,,0.6666666666666666,,,,,,,,,,,,,,,,,,,,,,,,,,,,,,,,0.3872,,,,,,,,,,,,,,,,,,,,,,,,,,,,,,,,,,,,,,,,,,,,,,2026
1630993,1611661317,Anneli Maley,Anneli Maley,1630993,PHX,365.3,2,6.0,-3.0,12,13,,1.0,1.0,25,,,,,,1.0,,1.0,,,,,,2.0,,,1.0,1.0,15,,1.0,,,,,,,,,,,,,,,,,,,,,1.0,2.0,,2.0,,,,,,,,,,,,,,1.0,1.0,,2.0,,,2.0,1.0,1.0,,,,,,,,,,100.0,115.38461538461539,,,,,,,,,,,,0.16666666666666666,,,,,,,23.076923076923077,,0.3333333333333333,,,,0.2,,,,,,,,,,,,,,,0.5,,,,0.5,,,,,,,,,,,,,,,,0.44475,,0.3333333333333333,0.3333333333333333,,,10.95,,,,,,,,,,,,,,,,,,,,,,,,,,0.5,,,,,,,,,0.5008,,,,,,1.0,,,,,,,,1.0,,,,,,,,,,,,,,,,,,,,,,,,,,,,,,,,2026
204323,1611661319,Cheyenne Parker-Tyus,Cheyenne Parker-Tyus,204323,LVA,360.39999999999986,5,6.0,7.0,116,115,43.0,39.0,11.0,231,8.0,11.0,3.0,4.0,,2.0,,,,,,2.0,8.0,13.0,,2.0,4.0,20.0,114,1.0,3.0,3.0,3.0,4.0,9.0,12.0,4.0,,2.0,,1.0,2.0,1.0,3.0,1.0,,2.0,7.0,1.0,3.0,2.0,5.0,8.0,4.0,12.0,1.0,2.0,2.0,,1.0,,,3.0,1.0,,4.0,,1.0,3.0,6.0,,7.0,1.0,,5.0,2.0,17.0,9.0,43.0,,,,,,,,104.31034482758622,99.1304347826087,0.75,0.8571428571428571,,,,0.6153846153846154,0.3333333333333333,0.75,0.5333333333333333,0.3333333333333333,0.6,0.5882352941176471,0.375,0.75,0.13333333333333333,0.07692307692307693,0.09090909090909091,,16.40625,0.25,0.10416666666666667,0.09375,0.1111111111111111,0.05555555555555555,0.10606060606060606,0.08,0.1,0.16666666666666666,0.07142857142857142,,0.11764705882352941,0.10526315789473684,0.0625,0.5,0.16666666666666666,0.7333333333333333,0.7272727272727273,0.8,0.75,0.13333333333333333,,,,,,,,,,,,0.13333333333333333,,,,0.8,0.75,0.8666666666666667,,0.57911,0.61756,0.125,0.14285714285714285,0.15,0.45,2.776923076923077,25.65,0.5,0.3706896551724138,1.0,2.0,,,,,1.0,,,1.0,,1.0,3.0,,2.0,,,,1.0,,,,0.08333333333333333,0.6666666666666666,0.5,,,,,0.2,,0.5577,,0.3333333333333333,,,,1.0,,3.0,6.0,4.0,2.0,6.0,3.0,0.25,,,0.5,1.0,1.0,,,,,,,,,,,,,,,,,,,,,,,,,,,2026
1630138,1611661317,Peyton Williams,Peyton Williams,1630138,PHX,346.0,1,6.0,-1.0,12,12,,,1.0,24,,,,,,1.0,,,,,,,,1.0,,,,,13,,,,,,,,,,,,1.0,,2.0,2.0,2.0,,,6.0,,,,,,,,,,,,,,,,,,,,,,,,,,,,,,,,,,,,,,,100.0,108.33333333333334,,,,,,,,,,,,,,,,1.0,,1.0,7.692307692307692,,,,,,,,,,,,,,,,,,,,,1.0,,,,,,,,,,,,,,,,,,,,0.3879,,,,,,5.4,,1.0,,,,,,,,,,,,,,,,,,,,,,,,,,,,,,,,,,,,,,,,,,1.0,,1.0,1.0,1.0,,,,1.0,,,,,,,,,,,,,,,,,,,,,,,,,,,,,2026
1631006,1611661319,Kierstan Bell,Kierstan Bell,1631006,LVA,334.0,3,6.0,-7.0,73,75,7.0,16.0,8.0,148,,,,,,1.0,,3.0,,1.0,,2.0,,4.0,,3.0,,,75,,1.0,,,,,,,,2.0,,,2.0,,2.0,,,1.0,4.0,,,2.0,4.0,7.0,,7.0,,1.0,1.0,,,1.0,,2.0,,,2.0,,,,1.0,,,,,,,,,7.0,,,,,,,,93.15068493150685,100.0,,,,,,,,,,,,,,,0.42857142857142855,,,,10.975609756097562,,0.16,,0.2222222222222222,,0.17647058823529413,,,,,,,0.16666666666666666,0.25,,,,,,,0.14285714285714285,,,,0.42857142857142855,,,,0.14285714285714285,,,,0.2857142857142857,,,,,,0.42857142857142855,,0.4546071428571428,0.5151,,,,,15.15,24.233333333333334,1.0,0.0958904109589041,,,,,,,1.0,,1.0,,,1.0,,,,1.0,,,,,,,0.2857142857142857,,,,,,,1.0,,0.4385,,,0.3333333333333333,0.3333333333333333,,1.0,,,1.0,1.0,,1.0,1.0,1.0,,,1.0,,,,,,,,,,,,,,,,1.0,,0.5,,,,,,,,,,,2026
1643448,1611661323,Nell Angloma,Nell Angloma,1643448,CON,324.20000000000005,3,5.0,10.0,92,91,28.0,41.0,16.0,183,6.0,8.0,2.0,3.0,4.0,9.0,,1.0,,,,,10.0,18.0,,,3.0,23.0,106,,3.0,1.0,3.0,5.0,8.0,10.0,10.0,,,,3.0,,1.0,1.0,1.0,,,3.0,,2.0,3.0,3.0,6.0,2.0,8.0,,3.0,1.0,2.0,2.0,,1.0,,1.0,,2.0,,,4.0,7.0,1.0,4.0,1.0,,8.0,3.0,22.0,8.0,28.0,2.0,,-9.0,,,,,126.08695652173913,116.48351648351648,0.5,0.5,,,,0.5555555555555556,,0.6,0.5555555555555556,,0.6,0.5227272727272727,0.125,0.5714285714285714,,0.16666666666666666,0.125,0.2222222222222222,21.428571428571427,1.0,0.2,0.06666666666666667,0.21428571428571427,,0.20689655172413793,0.046511627906976744,,0.1,,,,0.2,0.16666666666666666,0.25,,0.4444444444444444,0.75,0.8571428571428571,0.6666666666666666,0.5,0.4444444444444444,0.5714285714285714,0.25,0.05555555555555555,,,,,,,,,,,,0.6,0.6666666666666666,0.4444444444444444,,0.5000555555555555,0.57718,0.14285714285714285,0.14285714285714285,0.043478260869565216,0.34782608695652173,5.155555555555555,,0.2,0.30434782608695654,,,,,,,,,,1.0,,,2.0,,,,,,,,,,0.25,,,,,,,,,0.36493333333333333,,0.5,,,,,,,1.0,,1.0,1.0,1.0,,,0.14285714285714285,1.0,1.0,1.0,,,,,,,,,,,,,,,,,,,,,,,,,,,2026
1643437,1611661323,Ashlon Jackson,Ashlon Jackson,1643437,CON,315.0,1,5.0,-13.0,30,31,6.0,14.0,1.0,61,2.0,2.0,1.0,1.0,,,,,,,,1.0,2.0,2.0,,1.0,,4.0,37,,,,1.0,1.0,2.0,,4.0,,1.0,,,1.0,,1.0,,,,2.0,,,,1.0,1.0,,1.0,,2.0,1.0,1.0,,,,,,,,,,,2.0,,,,,,,4.0,2.0,6.0,,,,,,,,80.0,119.35483870967742,,,,,,1.0,,1.0,0.6666666666666666,,1.0,0.6666666666666666,,1.0,0.3333333333333333,,,,9.67741935483871,,0.14285714285714285,,,,0.08333333333333333,,,,,,,0.25,,,,0.6666666666666666,1.0,1.0,,,,,,,,,,,,,,0.3333333333333333,,,,1.0,1.0,1.0,,0.7099000000000001,0.8431,,,,0.5,1.25,27.9,,0.2,,,,,,,,,,,,,,,,,1.0,,,,,,,,,,,,,,,,,,,,,,,,,,,,,,,,,,,,,,,,,,,,,,,,,,,,,,,,,,,,,2026
1642802,1611661322,Lucy Olsen,Lucy Olsen,1642802,WAS,306.6,3,5.0,-2.0,46,51,17.0,34.0,3.0,97,,1.0,,1.0,4.0,5.0,,,,1.0,1.0,1.0,4.0,6.0,1.0,2.0,2.0,13.0,63,1.0,1.0,5.0,1.0,2.0,2.0,2.0,6.0,3.0,1.0,1.0,,4.0,,4.0,,,4.0,8.0,,,,,,,,,,,,,1.0,,2.0,,1.0,2.0,,1.0,1.0,3.0,,2.0,,1.0,2.0,1.0,8.0,2.0,17.0,1.0,,,,,,,132.6086956521739,123.52941176470588,0.25,0.25,1.0,0.5,0.5,0.6666666666666666,1.0,0.5,0.6875,0.8333333333333334,0.5,0.7222222222222222,0.8333333333333334,0.5,0.25,,,,21.56862745098039,,,,,,,,,,,,,,,,,0.125,,,,0.625,0.8,0.8,0.25,,,,,0.125,,,,0.125,1.0,1.0,1.0,0.5,,0.375,1.0,0.46108125,0.4752,0.1111111111111111,0.14285714285714285,0.38461538461538464,0.15384615384615385,10.133333333333333,24.7,,0.3695652173913043,,,,1.0,1.0,,,1.0,2.0,,,,,,,,,,,,0.5,,,,,0.3333333333333333,1.0,1.0,,,,0.3574,,,,,,,,,,,,,,,,,,,,,,,,,,,,,,,,,1.0,,0.3333333333333333,,,,,,,,,,,2026
1643441,1611661323,Raegan Beers,Raegan Beers,1643441,CON,288.0,5,5.0,10.0,153,153,49.0,63.0,26.0,306,10.0,13.0,3.0,5.0,,5.0,,4.0,,,1.0,1.0,10.0,22.0,1.0,1.0,5.0,28.0,164,3.0,6.0,8.0,3.0,7.0,11.0,12.0,8.0,3.0,1.0,1.0,3.0,2.0,2.0,4.0,1.0,1.0,2.0,10.0,4.0,5.0,2.0,5.0,9.0,10.0,19.0,2.0,3.0,2.0,1.0,1.0,1.0,1.0,3.0,,,4.0,,1.0,7.0,14.0,2.0,8.0,1.0,1.0,11.0,5.0,20.0,11.0,49.0,2.0,5.0,-9.0,,7.0,,,113.72549019607843,107.18954248366013,0.6,0.75,1.0,1.0,1.0,0.45454545454545453,0.5,0.42857142857142855,0.5,0.5,0.5625,0.5185185185185185,0.5714285714285714,0.55,0.043478260869565216,0.13636363636363635,,0.6,16.84782608695652,0.25,0.16666666666666666,0.09615384615384616,0.07142857142857142,0.21052631578947367,0.1206896551724138,0.1267605633802817,0.11764705882352941,0.15789473684210525,0.3076923076923077,,0.1111111111111111,0.25,,0.13333333333333333,0.2222222222222222,0.5652173913043478,0.7692307692307693,0.7692307692307693,0.6,0.21739130434782608,,,,0.17391304347826086,,,,,,,,0.043478260869565216,1.0,1.0,1.0,0.625,0.6,0.6086956521739131,1.0,0.5327521739130434,0.5360125,0.2,0.20833333333333334,0.2857142857142857,0.39285714285714285,5.577272727272727,24.3,0.4,0.3202614379084967,3.0,4.0,,,,1.0,1.0,,,2.0,1.0,1.0,2.0,,4.0,,,,3.0,,,1.0,,0.6666666666666666,0.75,,,,,0.125,1.0,0.50602,,0.6666666666666666,0.25,,1.0,2.0,,2.0,,,,,,0.4,0.125,,,2.0,2.0,9.0,,,,,,,,,,,,,,,,,,,,,,,,,,2026
203026,1611661331,Tiffany Hayes,Tiffany Hayes,203026,GSV,261.0,1,4.0,-6.0,7,8,,,2.0,15,,,,,,,,,,,,1.0,,,,1.0,1.0,1.0,12,,,,,,,,,,1.0,,,,1.0,1.0,1.0,,,3.0,,,,,,,,,,,,,,,,,,,,,1.0,1.0,,2.0,,,2.0,1.0,1.0,,,,,,,,,,85.71428571428571,150.0,,,,,,,,,,,,0.25,,,1.0,,,,22.22222222222222,,,,,,,,,,,,,,,,,,,,,,,,,,,,,,,,,1.0,,,,,,1.0,,0.44745,,0.5,1.0,,,,25.0,,,,,,,1.0,,,,1.0,,,,,,,,,,,,,,,,,1.0,,,,,,,,,,,,,,,,,,,,,,,,,,,,,,,,,,,,,,,,,,,,,,,,,,,,2026
204319,1611661319,Jewell Loyd,Jewell Loyd,204319,LVA,247.0,5,4.0,-12.0,277,283,86.0,84.0,27.0,560,1.0,2.0,1.0,1.0,3.0,6.0,2.0,5.0,2.0,6.0,4.0,18.0,6.0,13.0,6.0,24.0,2.0,32.0,304,2.0,2.0,4.0,2.0,4.0,10.0,8.0,4.0,18.0,18.0,4.0,1.0,6.0,2.0,8.0,2.0,,2.0,18.0,,,6.0,7.0,16.0,,16.0,,4.0,2.0,2.0,2.0,,2.0,3.0,,,5.0,,,5.0,13.0,3.0,6.0,,2.0,4.0,2.0,28.0,10.0,86.0,,1.0,17.0,,10.0,,,105.41516245487365,107.42049469964664,0.6666666666666666,0.6666666666666666,1.0,0.25,0.25,0.46153846153846156,1.0,0.5,0.40540540540540543,1.0,0.4166666666666667,0.41025641025641024,1.0,0.4166666666666667,0.6486486486486487,0.07692307692307693,,0.16666666666666666,14.426229508196721,0.4,0.0707070707070707,,0.11764705882352941,,0.08666666666666667,,,,,,0.024390243902439025,0.1282051282051282,0.13953488372093023,,,0.05405405405405406,0.5,0.5,1.0,0.16216216216216217,0.5,0.6,0.6666666666666666,0.13513513513513514,0.4,0.4,0.5,0.16216216216216217,0.3333333333333333,0.3333333333333333,1.0,0.4864864864864865,0.2222222222222222,0.2222222222222222,1.0,0.08333333333333333,1.0,0.7027027027027027,0.2222222222222222,0.511881081081081,0.49867083333333334,0.05128205128205128,0.13333333333333333,0.125,0.3125,10.692307692307692,24.641666666666666,,0.3104693140794224,,,2.0,,,2.0,6.0,,,,2.0,8.0,,,,3.0,1.0,,,,,0.25,0.05263157894736842,,,,,,0.16666666666666666,0.5,0.3333333333333333,0.35935,,1.0,0.3333333333333333,0.1111111111111111,,3.0,1.0,2.0,2.0,1.0,1.0,2.0,1.0,0.25,,,0.5,,,8.0,,,,,,,,,,,,,,,,,,,,,,,,,,2026
1631086,1611661325,Lexie Hull,Lexie Hull,1631086,IND,224.79999999999998,5,4.0,36.0,199,201,86.0,70.0,21.0,400,2.0,3.0,1.0,1.0,1.0,4.0,1.0,2.0,4.0,5.0,2.0,7.0,4.0,9.0,6.0,12.0,9.0,35.0,197,1.0,2.0,7.0,3.0,5.0,22.0,8.0,,18.0,7.0,2.0,1.0,1.0,3.0,4.0,3.0,,1.0,11.0,1.0,,8.0,8.0,17.0,1.0,18.0,,4.0,3.0,1.0,3.0,1.0,,2.0,3.0,,5.0,1.0,1.0,2.0,16.0,,13.0,2.0,5.0,11.0,3.0,28.0,22.0,86.0,3.0,,4.0,,1.0,,,117.08542713567839,98.00995024875623,1.0,1.0,1.0,0.5,0.5,0.4444444444444444,0.5,0.6,0.6190476190476191,0.8333333333333334,0.75,0.6730769230769231,0.875,0.7857142857142857,0.5714285714285714,0.1111111111111111,,0.25,13.839285714285714,0.6,0.17391304347826086,,0.2857142857142857,0.02631578947368421,0.21621621621621623,0.01282051282051282,,,,0.2,0.19047619047619047,0.23529411764705882,0.2727272727272727,0.3333333333333333,,0.14285714285714285,0.6666666666666666,0.6666666666666666,1.0,0.19047619047619047,0.25,0.3333333333333333,1.0,0.09523809523809523,0.5,0.5,1.0,0.23809523809523808,0.8,0.8,1.0,0.3333333333333333,0.2857142857142857,0.2857142857142857,1.0,0.1,1.0,0.7142857142857143,0.2857142857142857,0.4898666666666667,0.46821,0.13043478260869565,0.2727272727272727,0.2,0.6285714285714286,7.833333333333333,25.59166666666667,0.5,0.4321608040201005,,,2.0,,,1.0,3.0,1.0,1.0,2.0,3.0,5.0,7.0,,,,,,1.0,,1.0,0.6,,,,,,,0.2,0.3,0.3333333333333333,0.5005000000000001,,,,,,1.0,,1.0,1.0,1.0,,1.0,1.0,0.3333333333333333,,,1.0,3.0,3.0,-8.0,,,,,,,,,,,,,1.0,2.0,0.3333333333333333,1.0,,,,1.0,1.0,1.0,1.0,,,2026
1643473,1611661328,Taina Mair,Taina Mair,1643473,SEA,192.0,1,3.0,-1.0,4,5,2.0,,2.0,9,,,,,,,,1.0,,,,,,1.0,,,,,6,,,,,1.0,,,,,,,,1.0,,1.0,,,,2.0,,,,,,,,,,,,,,,,,,,,,,,,1.0,1.0,,,,,,2.0,,,,,,,,125.0,120.0,,,,,,,,,,,,,,,,,,,14.285714285714285,,,,,,,,,,,,,,,,,,,,,,,,,1.0,,,,,,,,,,,,,,,,0.3517,0.3517,,,,,16.1,,,0.5,,,,,,,,,,,,,,,,1.0,,,,,,,,,,,,,,,,,,,1.0,,,,,,,,,,,,,,,,,,,,,,,,,,,,,,,,,,,,,,,,,,,2026
1642790,1611661320,Sania Feagin,Sania Feagin,1642790,LAS,179.0,1,3.0,-4.0,7,7,,4.0,1.0,14,,,,,,,,,,,,,,,,,,,11,,,,,,,,,,,,,,,,,,,,,,,,,,,,,,,,,,,,,,,,1.0,1.0,,,,,,,,,,,,,,,,,99.99999999999999,157.14285714285714,,,,,,,,,,,,,,,,,,,,,,,,,,,,,,,,,,,,,,,,,,,,,,,,,,,,,,,,,,,,,,,,,,,,,,,,,,,,,,,,,,,,,,,,,,,,,,,,,,,,,,,,,,,,,,,,,,,,,,,,,,,,,,,,,,,,,,,,,,,,,,,,,,,2026
1643429,1611661323,Gianna Kneepkens,Gianna Kneepkens,1643429,CON,167.5999999999999,6,3.0,-19.0,131,134,38.0,66.0,19.0,265,1.0,2.0,,,5.0,9.0,,3.0,1.0,2.0,1.0,7.0,6.0,14.0,2.0,9.0,3.0,21.0,140,1.0,2.0,5.0,2.0,5.0,7.0,6.0,6.0,6.0,7.0,1.0,,1.0,2.0,3.0,1.0,1.0,1.0,8.0,4.0,3.0,3.0,2.0,6.0,7.0,13.0,,1.0,,1.0,2.0,,2.0,,,,2.0,,,4.0,7.0,1.0,4.0,,1.0,3.0,1.0,16.0,7.0,38.0,2.0,,,,,,,92.36641221374046,104.4776119402985,0.5,0.6,1.0,0.2222222222222222,0.2222222222222222,0.42857142857142855,0.5,0.4,0.391304347826087,0.8333333333333334,0.4375,0.4166666666666667,0.8333333333333334,0.4375,0.391304347826087,,,,16.883116883116884,1.0,0.07407407407407407,0.06666666666666667,0.15789473684210525,0.15384615384615385,0.10869565217391304,0.09859154929577464,0.1,0.045454545454545456,0.09090909090909091,0.5,0.2,,0.16666666666666666,0.14285714285714285,,0.08695652173913043,0.5,0.5,,0.391304347826087,0.5555555555555556,0.5555555555555556,0.6,0.13043478260869565,,,,0.08695652173913043,0.5,0.5,1.0,0.30434782608695654,0.14285714285714285,0.14285714285714285,1.0,,,0.4782608695652174,0.14285714285714285,0.46888478260869565,0.4435375,0.041666666666666664,0.06666666666666667,0.23809523809523808,0.3333333333333333,9.742857142857144,24.655555555555555,,0.2900763358778626,1.0,1.0,,,,1.0,3.0,1.0,1.0,,1.0,3.0,,,2.0,,,,,,1.0,0.3333333333333333,,0.3333333333333333,1.0,,,,,0.375,0.3333333333333333,0.707625,,1.0,,0.42857142857142855,,1.0,,,,,,,,0.16666666666666666,,0.07692307692307693,,,,,,1.0,1.0,,,,,,,,,,1.0,,0.3333333333333333,,,,,,1.0,1.0,1.0,,,2026
1631039,1611661331,Miela Sowah,Miela Sowah,1631039,GSV,157.0,1,3.0,-6.0,6,7,3.0,7.0,1.0,13,,,,,,,,,,1.0,,,,,,1.0,,,10,,,,,,,,,,,,,,,,,,,,,,,,,,,,,,,,,,,,,,,,,,,,,,,,,,3.0,,,,,,,,66.66666666666667,142.85714285714283,,,,,,,,,,,,,,,1.0,,,,14.285714285714285,,,,,,,,,,,,,,,,,,,,,,,,,,,,,1.0,,,,,,,,,,1.0,,0.52245,,,,,,,22.5,,0.5,,,,,,,,,,,,,,,,,,,,,,,,,,,,,,,,,,,,,,,,,,,,,,,,,,,,,,,,,,,,,,,,,,,,,,,,,,,,,,2026
1643493,1611661317,Noemie Brochant,Noemie Brochant,1643493,PHX,154.0,5,3.0,-3.0,162,167,76.0,37.0,22.0,329,2.0,2.0,,,1.0,2.0,1.0,4.0,3.0,3.0,2.0,5.0,4.0,8.0,5.0,8.0,1.0,24.0,180,1.0,2.0,2.0,1.0,3.0,5.0,8.0,,15.0,5.0,2.0,,,1.0,1.0,,1.0,,3.0,1.0,1.0,3.0,4.0,8.0,2.0,10.0,,1.0,,1.0,1.0,,1.0,,,,1.0,,1.0,5.0,7.0,,4.0,,2.0,1.0,1.0,22.0,5.0,74.0,1.0,,,,,,,109.25925925925925,107.78443113772455,1.0,1.0,1.0,0.625,0.625,0.5,0.5,0.3333333333333333,0.71875,0.3333333333333333,0.35714285714285715,0.75,0.3333333333333333,0.35714285714285715,0.5,,,,9.18918918918919,1.0,0.09090909090909091,0.023255813953488372,0.10714285714285714,0.02857142857142857,0.09722222222222222,0.02564102564102564,,0.05263157894736842,0.03333333333333333,,0.21428571428571427,0.0625,0.08333333333333333,0.25,,0.125,1.0,1.0,1.0,0.125,0.5,0.5,1.0,0.25,0.25,0.25,1.0,0.1875,1.0,1.0,1.0,0.3125,0.4,0.4,1.0,,,0.625,0.4,0.481784375,0.48251428571428573,0.0625,0.125,0.08333333333333333,0.20833333333333334,12.1375,24.55,1.0,0.4691358024691358,,,1.0,,1.0,,3.0,,1.0,,1.0,4.0,,,,,,,1.0,,,0.25,,,,0.3333333333333333,,,0.14285714285714285,0.42857142857142855,,0.6054,,,,,,1.0,,,1.0,1.0,,1.0,,0.16666666666666666,,,,,,,,,,,,,,,,,,,,1.0,,1.0,,,,,,,,,,2026
1628242,1611661320,Emma Cannon,Emma Cannon,1628242,LAS,112.0,1,2.0,1.0,5,4,,4.0,1.0,9,,,,,,,,,,,1.0,1.0,,,1.0,1.0,,3.0,4,,,,,,,,,3.0,1.0,1.0,,,,,,,,,,,,,,,,,,,,1.0,,1.0,1.0,,,2.0,,,,1.0,,,,,,,3.0,,,,,,,,,,100.0,100.0,,,1.0,1.0,1.0,,,,1.5,,,1.5,,,1.0,,,,42.857142857142854,0.5,,,,,,,,,,,,,,,,,,,,,,,,,,,,,,,,1.0,1.0,1.0,1.0,,,1.0,1.0,0.53205,,,,,,,23.7,,,,,,,,,,,,,,,,,,,,,,,,,,,,,,,,,,,,,,,,,,1.0,,,,,,,,,,,,,,,,,,,,,,,,,,,,,,,,,,,,,,2026
1643488,1611661324,Emma Cechova,Emma Cechova,1643488,MIN,108.19999999999999,3,2.0,-10.0,107,109,19.0,35.0,9.0,216,9.0,13.0,3.0,4.0,,,1.0,2.0,,,,1.0,10.0,15.0,,1.0,5.0,25.0,119,1.0,1.0,5.0,3.0,4.0,7.0,12.0,8.0,,1.0,,1.0,,,,,,,,1.0,3.0,3.0,4.0,7.0,4.0,11.0,,1.0,1.0,,1.0,,,3.0,1.0,,4.0,,2.0,6.0,12.0,,5.0,,,8.0,4.0,20.0,7.0,19.0,3.0,,1.0,,-6.0,2.0,3.0,101.86915887850466,109.1743119266055,0.6,0.6666666666666666,,,,0.6666666666666666,1.0,0.75,0.625,1.0,0.75,0.625,0.8333333333333334,0.7,0.0625,0.06666666666666667,0.07692307692307693,,20.0,0.25,0.14814814814814814,0.0967741935483871,0.14285714285714285,0.0625,0.14583333333333334,0.0851063829787234,0.13333333333333333,0.16666666666666666,0.07142857142857142,,0.2,0.125,0.06666666666666667,0.3333333333333333,,0.8125,0.6923076923076923,0.75,0.5555555555555556,,,,,0.125,0.5,0.5,1.0,,,,,0.0625,,,,1.0,0.75,0.875,,0.580834375,0.612825,0.2,0.21052631578947367,0.2,0.28,4.213333333333334,24.4,,0.17757009345794392,1.0,1.0,,,,,,,,3.0,,,1.0,,2.0,,,,,,,,,1.0,1.0,,,,,,,0.6162,,0.25,,1.0,,,,3.0,1.0,,1.0,2.0,,,,,,,,1.0,,,,,,1.0,,,,,,,,,,,,1.0,,1.0,,,,,,2026
204365,1611661320,Erica Wheeler,Erica Wheeler,204365,LAS,106.5,4,2.0,-6.0,206,203,87.0,83.0,30.0,409,2.0,8.0,2.0,5.0,1.0,5.0,1.0,3.0,,1.0,2.0,13.0,4.0,16.0,2.0,14.0,4.0,18.0,239,,1.0,,2.0,8.0,8.0,4.0,4.0,6.0,13.0,2.0,3.0,16.0,3.0,19.0,3.0,,15.0,41.0,1.0,1.0,3.0,1.0,4.0,2.0,6.0,1.0,7.0,6.0,1.0,4.0,2.0,4.0,2.0,,,6.0,,,5.0,12.0,,8.0,2.0,2.0,5.0,1.0,18.0,8.0,87.0,3.0,1.0,-3.0,,10.0,1.0,6.0,113.10679611650485,117.73399014778326,0.5,0.5,1.0,0.14285714285714285,0.14285714285714285,0.25,,0.25,0.23333333333333334,,0.15384615384615385,0.265625,,0.23333333333333334,0.4666666666666667,0.1875,0.125,0.4,15.899581589958158,0.6666666666666666,0.027777777777777776,0.022727272727272728,0.06976744186046512,0.025,0.05063291139240506,0.023809523809523808,0.058823529411764705,,,0.08333333333333333,0.07142857142857142,,0.058823529411764705,0.1111111111111111,0.05,0.26666666666666666,0.25,0.2857142857142857,0.5,0.16666666666666666,0.2,0.3333333333333333,1.0,0.1,0.3333333333333333,0.3333333333333333,,0.03333333333333333,,,,0.43333333333333335,0.15384615384615385,0.15384615384615385,1.0,0.38461538461538464,0.4,0.7333333333333333,0.15384615384615385,0.47931896551724135,0.4503875,0.03225806451612903,0.058823529411764705,,0.4444444444444444,7.6375,27.12142857142857,0.5,0.4223300970873786,,,,,1.0,,5.0,,1.0,,,5.0,4.0,,,,1.0,,,,,,,,,0.5,,,,0.38461538461538464,,0.441475,,0.5,0.5,0.36363636363636365,,,,,1.0,,1.0,1.0,1.0,,,,1.0,1.0,1.0,-9.0,,1.0,1.0,,,,,,,,,,,,,,,,,,,,,,,2026
204468,1611661317,Valeriane Ayayi,Valeriane Ayayi,204468,PHX,94.0,3,2.0,-8.0,89,88,27.0,20.0,11.0,177,,3.0,,2.0,3.0,3.0,,,,1.0,2.0,4.0,3.0,6.0,2.0,5.0,5.0,17.0,98,1.0,2.0,3.0,2.0,4.0,6.0,4.0,2.0,6.0,4.0,2.0,2.0,5.0,,5.0,,,4.0,10.0,1.0,1.0,5.0,2.0,7.0,2.0,9.0,,3.0,2.0,1.0,2.0,,2.0,1.0,,,3.0,,1.0,1.0,6.0,1.0,12.0,1.0,2.0,9.0,1.0,14.0,6.0,27.0,1.0,2.0,-6.0,1.0,12.0,,,101.12359550561797,111.36363636363636,0.6666666666666666,1.0,1.0,0.4,0.4,0.5,0.5,0.5,0.5454545454545454,0.3333333333333333,0.4,0.5666666666666667,0.375,0.42857142857142855,0.45454545454545453,0.3333333333333333,0.6666666666666666,,18.0,0.6666666666666666,0.1,0.04,0.25,0.05263157894736842,0.175,0.045454545454545456,,0.07142857142857142,,0.25,0.2,,0.2222222222222222,0.5,,0.2727272727272727,,,,0.2727272727272727,1.0,1.0,0.6666666666666666,,,,,0.09090909090909091,,,,0.36363636363636365,0.5,0.5,1.0,0.4,,0.7272727272727273,0.5,0.5126181818181818,0.50049,0.15384615384615385,0.14285714285714285,0.17647058823529413,0.35294117647058826,4.516666666666667,24.06,,0.30337078651685395,,1.0,,,1.0,,1.0,,1.0,1.0,,1.0,2.0,,2.0,1.0,,,,1.0,,,0.14285714285714285,0.3333333333333333,,0.3333333333333333,,,,0.2,,0.430875,0.16666666666666666,0.3333333333333333,,0.3333333333333333,,,,1.0,,,,,,,,,,2.0,2.0,,,,,,,,,,,,,,,,,,,,,,,,,,,2026
1642801,1611661330,Aaliyah Nye,Aaliyah Nye,1642801,ATL,82.0,1,1.0,1.0,3,3,,3.0,1.0,6,,,,,,,,,,,,,,,,,,,4,,,,,,,,,,,,,,,,,,,,,,,,,,,,,,,,,,,,,,,,,,,,,,,,,,,,,,,,,,166.66666666666669,133.33333333333334,,,,,,,,,,,,,,,,,,,,,,,,,,,,,,,,,,,,,,,,,,,,,,,,,,,,,,,,,,,,,,,,,,,,,,,,,,,,,,,,,,,,,,,,,,,,,,,,,,,,,,,,,,,,,,,,,,,,,,,,,,,,,,,,,,,,,,,,,,,,,,,,,,,2026
1630108,1611661332,Mariella Fasoula,Mariella Fasoula,1630108,TOR,80.0,1,1.0,-2.0,2,2,,,,4,,,,,,,,,,,,,,,,,,,3,,,,,,,,,,,,,,,,,,,,,,1.0,,1.0,,1.0,,,,,,,,,,,,,,,2.0,,,,,,,,,,,,,,,,,50.0,150.0,,,,,,,,,,,,,,,,,,,,,,,1.0,,1.0,,,,,,,,1.0,,,,,,,,,,,,,,,,,,,,,,,,,,,,,,,,,,,,,,,,,,,,,,,,,,,,,,,,,,,,,,,,,,,,,,,,,,,,,,,,,,,,,,,,,,,,,,,,,,,,,,,,,,,,,,,,,,2026
1643479,1611661331,Ndjakalenga Mwenentanda,Ndjakalenga Mwenentanda,1643479,GSV,61.0,1,1.0,-2.0,2,4,2.0,4.0,,6,,,,,,,,,,,,,,,,,,,4,,,,,,,,,,,,,,,,,,,,,,,,,,,,,,,,,,,,,,,,,,,,,,,,,,2.0,,,,,,,,100.0,100.0,,,,,,,,,,,,,,,,,,,,,,,,,,,,,,,,,,,,,,,,,,,,,,,,,,,,,,,,,,,,,,,,,,,,,1.0,,,,,,,,,,,,,,,,,,,,,,,,,,,,,,,,,,,,,,,,,,,,,,,,,,,,,,,,,,,,,,,,,,,,,,,,,,,,,,2026
1630154,1611661327,Kamiah Smalls,Kamiah Smalls,1630154,PDX,10.600000000000023,2,,-19.0,59,60,9.0,11.0,9.0,119,1.0,2.0,,,,1.0,,,,,4.0,7.0,1.0,3.0,4.0,7.0,1.0,15.0,77,,,,,,,,2.0,3.0,7.0,4.0,,2.0,4.0,6.0,2.0,2.0,2.0,16.0,,,,,,,,,,,,1.0,2.0,1.0,3.0,,1.0,4.0,,1.0,2.0,2.0,,,,,1.0,,15.0,,9.0,,,,,,,,98.30508474576271,128.33333333333334,,,0.25,0.5714285714285714,0.5714285714285714,0.3333333333333333,,,0.7,,,0.7,,,0.7,,,,20.588235294117645,0.25,,,,,,,,,,,,,,,,0.2,0.5,0.5,,0.1,,,,,,,,,,,,0.7,0.5714285714285714,0.5714285714285714,0.25,,,0.9,0.5714285714285714,0.494385,,,,,,4.7,23.942857142857143,1.0,0.15254237288135594,,,,,,,,,,,,,,9.0,,,,,,,,,,,,,,,,,,,,,,0.6666666666666666,,,,,,,,,,,,,,,,,,,1.0,,,,,,,,,,,,,,,,,,,,,,,2026
1629566,1611661313,Han Xu,Han Xu,1629566,NYL,-7.700000000000003,4,,12.0,119,124,50.0,53.0,13.0,243,2.0,4.0,1.0,1.0,2.0,4.0,,,,2.0,2.0,6.0,4.0,8.0,2.0,8.0,1.0,15.0,125,1.0,1.0,2.0,3.0,3.0,6.0,8.0,,6.0,6.0,2.0,,1.0,2.0,3.0,1.0,1.0,,8.0,1.0,1.0,1.0,4.0,7.0,2.0,9.0,,1.0,1.0,,1.0,1.0,1.0,1.0,,,2.0,,1.0,5.0,8.0,1.0,2.0,1.0,,2.0,1.0,13.0,6.0,50.0,1.0,,1.0,,,,,115.12605042016807,100.80645161290323,1.0,1.0,1.0,0.25,0.25,0.5,1.0,1.0,0.4375,0.5,0.42857142857142855,0.4411764705882353,0.5,0.42857142857142855,0.5,,,,14.285714285714285,0.5,0.09523809523809523,0.05555555555555555,0.04,0.037037037037037035,0.07462686567164178,0.044444444444444446,0.25,,0.07142857142857142,,,0.16,0.05,,,0.25,0.5,0.5,1.0,0.25,0.5,0.5,1.0,,,,,0.125,,,,0.375,0.3333333333333333,0.3333333333333333,1.0,0.14285714285714285,1.0,0.75,0.3333333333333333,0.49894375,0.4726785714285714,0.058823529411764705,0.1111111111111111,0.13333333333333333,0.4,6.325,24.2125,,0.42016806722689076,,,1.0,,1.0,,3.0,,1.0,,,4.0,,,,1.0,,,,,,,,,,0.5,,,0.14285714285714285,0.42857142857142855,,,,0.5,,0.4,,2.0,,,2.0,,2.0,2.0,1.0,0.2,,,0.5,,,3.0,,,,,,,,,,,2.0,2.0,,,,,,,,,,,,,,2026
1643425,1611661321,Azzi Fudd,Azzi Fudd,1643425,DAL,-9.599999999999994,4,,33.0,180,177,39.0,54.0,20.0,357,3.0,3.0,,,3.0,4.0,6.0,10.0,1.0,1.0,2.0,6.0,12.0,17.0,3.0,7.0,2.0,35.0,200,,,3.0,1.0,3.0,5.0,20.0,4.0,9.0,6.0,2.0,,1.0,3.0,4.0,2.0,1.0,1.0,11.0,1.0,1.0,,1.0,2.0,2.0,4.0,,3.0,2.0,1.0,,1.0,,4.0,,,4.0,1.0,,4.0,7.0,,2.0,,,2.0,1.0,32.0,5.0,39.0,,,,,,,,129.44444444444443,112.99435028248587,0.8333333333333334,0.8333333333333334,1.0,0.42857142857142855,0.42857142857142855,0.7058823529411765,,0.3333333333333333,0.6875,0.75,0.625,0.7,0.75,0.625,0.2916666666666667,,,,14.356435643564357,,0.024390243902439025,0.024390243902439025,,0.034482758620689655,0.015384615384615385,0.02857142857142857,,,,0.14285714285714285,,0.05555555555555555,,,,0.125,1.0,1.0,1.0,0.16666666666666666,0.75,0.75,0.6666666666666666,0.4166666666666667,0.6,0.6,0.8333333333333334,0.041666666666666664,1.0,1.0,1.0,0.25,0.3333333333333333,0.3333333333333333,1.0,,,0.4166666666666667,0.3333333333333333,0.4517333333333333,0.4213125,0.04,0.05555555555555555,0.08571428571428572,0.14285714285714285,13.147058823529411,25.042857142857144,,0.21666666666666667,,,,1.0,2.0,1.0,1.0,1.0,2.0,,1.0,1.0,,,,,,1.0,,,0.5,1.0,,,,1.0,0.5,1.0,,0.25,1.0,0.5661,,,0.25,0.25,,1.0,,,1.0,,1.0,1.0,1.0,0.2,,0.07692307692307693,1.0,,,,,,,,,,,,,1.0,,,,,,,,,,1.0,,,,,,2026
1642781,1611661322,Georgia Amoore,Georgia Amoore,1642781,WAS,-15.699999999999989,4,,7.0,175,170,39.0,39.0,20.0,345,3.0,6.0,2.0,3.0,,2.0,,1.0,2.0,4.0,3.0,13.0,3.0,9.0,5.0,17.0,2.0,23.0,175,,,,2.0,3.0,6.0,2.0,4.0,9.0,13.0,3.0,,14.0,3.0,17.0,2.0,1.0,9.0,37.0,,,3.0,2.0,5.0,,5.0,,3.0,2.0,1.0,8.0,1.0,5.0,2.0,3.0,,10.0,,1.0,2.0,8.0,,2.0,,,2.0,,23.0,6.0,39.0,,,,,6.0,,,104.0,102.94117647058823,0.3333333333333333,0.3333333333333333,0.6,0.29411764705882354,0.29411764705882354,0.3333333333333333,,0.6666666666666666,0.40384615384615385,,0.5,0.42592592592592593,,0.6,0.6538461538461539,,,,18.5,0.8,0.04081632653061224,,0.075,,0.056179775280898875,,,,,,,0.058823529411764705,0.07142857142857142,0.08333333333333333,,0.23076923076923078,0.5,0.5,0.3333333333333333,0.07692307692307693,,,,0.038461538461538464,,,,0.15384615384615385,0.5,0.5,1.0,0.5,0.23076923076923078,0.23076923076923078,0.3333333333333333,0.75,0.6666666666666666,0.8846153846153846,0.23076923076923078,0.5311153846153845,0.5780375,,,,0.2608695652173913,5.622222222222223,25.099999999999998,1.0,0.22285714285714286,,,,,1.0,,1.0,,2.0,,,1.0,2.0,6.0,,5.0,,1.0,,,,,0.1111111111111111,,,0.5,,,,0.25,,0.659775,,0.3333333333333333,1.0,0.25,,,,,,,,,,,,,,1.0,1.0,,,,,,,,,,,,,,1.0,,0.5,,,,,,,,,,,2026
1631135,1611661323,Olivia Nelson-Ododa,Olivia Nelson-Ododa,1631135,CON,-47.5,3,-1.0,-26.0,101,102,25.0,24.0,10.0,203,3.0,3.0,1.0,1.0,4.0,8.0,,,,,,,7.0,11.0,,,6.0,20.0,118,1.0,2.0,2.0,1.0,2.0,4.0,14.0,,,,,,4.0,3.0,7.0,3.0,,4.0,17.0,,1.0,2.0,5.0,8.0,1.0,9.0,,3.0,1.0,2.0,1.0,,1.0,2.0,,,3.0,,1.0,4.0,8.0,,7.0,,,8.0,3.0,18.0,4.0,25.0,,,2.0,,7.0,,,91.08910891089108,115.68627450980392,1.0,1.0,,,,0.6363636363636364,0.5,0.5,0.6363636363636364,0.5,0.5,0.6666666666666666,0.5,0.5,,,,,16.07142857142857,0.3333333333333333,0.21739130434782608,0.034482758620689655,0.125,,0.1794871794871795,0.022727272727272728,,0.07692307692307693,,,0.6666666666666666,0.2,0.3333333333333333,,,0.2727272727272727,1.0,1.0,1.0,0.7272727272727273,0.5,0.5,1.0,,,,,,,,,,,,,0.5,1.0,0.2727272727272727,,0.48010909090909093,0.48715,0.21428571428571427,0.21428571428571427,0.1,0.2,7.209090909090909,,,0.24752475247524752,,,,,,,,,,,,,2.0,,,,,,,,,,,,,,,,,,,0.51145,,,,,,1.0,1.0,1.0,,,,1.0,,0.25,,,,1.0,1.0,1.0,,,,,,1.0,1.0,,,,,,,,,,,,,,,,,,,2026
1629574,1611661321,Li Yueru,Li Yueru,1629574,DAL,-63.0,3,-1.0,17.0,61,59,24.0,28.0,9.0,120,,3.0,,,,1.0,,,,,1.0,4.0,,4.0,1.0,4.0,8.0,11.0,60,,3.0,3.0,,,6.0,,,3.0,4.0,1.0,1.0,2.0,1.0,3.0,1.0,,1.0,7.0,1.0,5.0,2.0,4.0,6.0,7.0,13.0,2.0,1.0,1.0,,,,,1.0,,1.0,1.0,,1.0,1.0,3.0,,10.0,,,12.0,3.0,8.0,6.0,24.0,,,,,,,,126.22950819672131,101.69491525423729,,,1.0,0.25,0.25,,,,0.1875,,,0.39285714285714285,0.3,0.6,0.5,0.25,,1.0,20.547945205479454,,0.26666666666666666,0.23809523809523808,0.16666666666666666,0.125,0.2222222222222222,0.20689655172413793,0.5,0.125,0.14285714285714285,,0.2,0.4,0.2,,0.3333333333333333,0.375,,,,0.125,,,,,,,,,,,,0.5,0.25,0.25,1.0,,,0.875,0.25,0.55285625,0.49815,0.2727272727272727,0.42857142857142855,0.2727272727272727,0.5454545454545454,3.125,25.025,,0.39344262295081966,,3.0,,,,,1.0,,,3.0,,1.0,6.0,,,,1.0,,,,,,,1.0,,,,,,1.0,,0.6222,,1.0,,,1.0,,,,,,,,,,0.25,0.14285714285714285,,3.0,3.0,,,,,,,,,,,,,,,,,,,,,,,,,,,2026
1643444,1611661320,Ta'Niya Latson,Ta'Niya Latson,1643444,LAS,-81.69999999999999,3,-1.0,-7.0,18,21,,8.0,3.0,39,1.0,1.0,,,,,,,,,,1.0,1.0,1.0,,1.0,,2.0,23,,,,,,,,2.0,,1.0,,,,,,,,,,,,1.0,,1.0,,1.0,,,,,1.0,1.0,1.0,1.0,,,2.0,1.0,,,,,,,,,,2.0,,,,,,,,,,88.88888888888889,109.52380952380953,,,,,,1.0,,,0.5,,,0.5,,,0.5,,,,18.181818181818183,0.5,,,0.2,,0.16666666666666666,,,,,,,,0.25,,,0.5,1.0,1.0,,,,,,,,,,,,,,0.5,,,,,,1.0,,0.61675,,,,,,1.7,23.7,,,,,,,,,,,,,,,,,,,,,,,,,,,,,,,,,,,,,,,,,,,,,,,,,,,,,,,,,,,,,,,,,,,,,,,,,,,,,,,,2026
1631021,1611661330,Sika Kone,Sika Kone,1631021,ATL,-162.70000000000002,3,-3.0,-16.0,15,16,8.0,10.0,1.0,31,,,,,,,,1.0,,,,2.0,,1.0,,2.0,,,27,,,,,1.0,,,,,2.0,,,,,,,,,,,,1.0,1.0,2.0,,2.0,,,,,,,,1.0,,,1.0,,,,2.0,,,,,,,,,8.0,1.0,,,,,,,73.33333333333334,168.75,,,,,,,,,,,,,,,0.6666666666666666,,,,25.0,,0.25,,0.25,,0.25,,,,,,,1.0,0.25,,,,,,,,,,,0.3333333333333333,,,,,,,,0.6666666666666666,,,,,,0.6666666666666666,,0.47469999999999996,0.435525,,,,,14.0,25.15,,0.5333333333333333,,,,,,,1.0,,,,,1.0,,,,,,,,,,,,,,,,,,0.5,,,,,,0.5,,,,1.0,,,,,,,,,,,,,,,,,,,,,,,,,,,,,,,,,,,,,,2026
1643525,1611661313,Alex Fowler,Alex Fowler,1643525,NYL,-203.5,1,-3.0,-6.0,35,36,19.0,15.0,4.0,71,2.0,2.0,,,,,,,,2.0,2.0,3.0,2.0,2.0,2.0,5.0,2.0,12.0,40,1.0,1.0,4.0,,,5.0,4.0,,6.0,3.0,2.0,,1.0,,1.0,,,1.0,2.0,,,,,,,,,,,,1.0,,1.0,2.0,,,3.0,,3.0,3.0,6.0,,1.0,1.0,,2.0,,8.0,5.0,19.0,,,3.0,,1.0,,,97.14285714285715,111.11111111111111,1.0,1.0,1.0,0.4,0.4,1.0,1.0,,0.7142857142857143,1.0,0.375,0.75,1.0,0.5,0.7142857142857143,,,,28.205128205128204,0.3333333333333333,,,,,,,,,,,,,,,,0.2857142857142857,1.0,1.0,1.0,,,,,,,,,0.2857142857142857,,,,0.42857142857142855,0.6666666666666666,0.6666666666666666,1.0,,,1.0,0.6666666666666666,0.5711,0.557475,,,0.3333333333333333,0.4166666666666667,2.6,23.880000000000003,,0.5428571428571428,1.0,1.0,2.0,,,1.0,2.0,,,2.0,1.0,4.0,2.0,,,,,,,,,0.25,,1.0,1.0,,,,0.5,0.5,0.5,,,,,,,,,2.0,,,,,,,,,,1.0,1.0,4.0,,,,,,,,,1.0,,,,,,,,,,,,,,,,,2026
1628508,1611661331,Cecilia Zandalasini,Cecilia Zandalasini,1628508,GSV,-204.0,1,-3.0,8.0,13,12,8.0,2.0,3.0,25,,,,,1.0,1.0,1.0,1.0,,,1.0,3.0,2.0,2.0,1.0,3.0,1.0,8.0,12,,,,,,4.0,,4.0,,3.0,1.0,,,1.0,1.0,1.0,,,3.0,,,1.0,1.0,2.0,,2.0,,1.0,1.0,,,,,,,,,,,,,,1.0,,,2.0,,8.0,4.0,8.0,,,,,,,,153.84615384615384,100.0,,,,0.3333333333333333,0.3333333333333333,1.0,,,0.7,,0.75,0.6666666666666666,,0.6666666666666666,0.6,,,,37.5,,0.25,,0.3333333333333333,,0.2857142857142857,,,,,,,0.3333333333333333,0.5,,,,,,,0.2,1.0,1.0,,0.2,1.0,1.0,,,,,,0.6,0.3333333333333333,0.3333333333333333,,,,0.6,0.3333333333333333,0.47528,0.54105,,,,0.5,14.85,24.433333333333334,,0.6153846153846154,,,,,1.0,1.0,2.0,,1.0,,1.0,2.0,1.0,3.0,,,,,,,,0.5,,,,1.0,,,,1.0,0.5,0.438,,,,,,,,,,,,,,,,,,1.0,,,,,,,,,,,,,,,,,,,,,,,,,,,,2026
1642817,1611661323,Hailey Van Lith,Hailey Van Lith,1642817,CON,-330.0999999999999,6,-6.0,-16.0,237,237,73.0,102.0,28.0,474,4.0,6.0,2.0,2.0,8.0,14.0,4.0,10.0,4.0,7.0,3.0,7.0,16.0,30.0,7.0,14.0,3.0,56.0,253,2.0,2.0,4.0,7.0,10.0,23.0,8.0,24.0,21.0,7.0,3.0,3.0,14.0,3.0,17.0,2.0,1.0,6.0,37.0,,1.0,3.0,1.0,5.0,1.0,6.0,,4.0,1.0,3.0,5.0,1.0,5.0,3.0,,1.0,8.0,1.0,1.0,3.0,12.0,,11.0,,,4.0,2.0,52.0,23.0,73.0,2.0,,12.0,,2.0,,,100.0,106.75105485232066,0.25,0.25,1.0,0.5,0.5,0.5333333333333333,1.0,0.7,0.6022727272727273,1.0,0.71875,0.6111111111111112,1.0,0.71875,0.3181818181818182,0.1,,0.14285714285714285,19.62962962962963,0.625,0.017857142857142856,0.013333333333333334,0.07317073170731707,,0.041237113402061855,0.00909090909090909,0.043478260869565216,,,,,0.037037037037037035,0.07142857142857142,0.07692307692307693,,0.13636363636363635,0.6666666666666666,0.6666666666666666,0.25,0.3181818181818182,0.5714285714285714,0.6666666666666666,0.25,0.22727272727272727,0.4,0.4444444444444444,0.25,0.1590909090909091,0.5714285714285714,0.5714285714285714,1.0,0.1590909090909091,0.42857142857142855,0.42857142857142855,1.0,0.125,1.0,0.45454545454545453,0.42857142857142855,0.45368488372093024,0.45602666666666664,0.044444444444444446,0.06451612903225806,0.07142857142857142,0.4107142857142857,9.979999999999999,25.092857142857145,,0.3080168776371308,1.0,1.0,3.0,,,1.0,3.0,,,,3.0,6.0,,,,4.0,4.0,1.0,1.0,,,0.5,,0.5,1.0,,,,0.1875,0.1875,0.3333333333333333,0.45345,,,0.2,0.5,,1.0,,,2.0,1.0,1.0,2.0,,0.09090909090909091,,,,,,4.0,,1.0,1.0,,,,,,,,,,,2.0,,0.6666666666666666,0.1,,,,,,,,,2026
1642324,1611661320,Kate Martin,Kate Martin,1642324,LAS,-334.0,2,-6.0,8.0,50,49,35.0,29.0,8.0,99,1.0,1.0,,,,1.0,,,2.0,5.0,1.0,2.0,1.0,2.0,3.0,7.0,,11.0,64,,,,,1.0,3.0,2.0,,9.0,2.0,1.0,,,,,,,,,,,1.0,,1.0,,1.0,,1.0,1.0,,1.0,,1.0,,,,1.0,,,,1.0,,1.0,,1.0,,,11.0,3.0,35.0,,,,,,,,144.0,130.6122448979592,1.0,1.0,1.0,0.42857142857142855,0.42857142857142855,0.5,,,0.6111111111111112,,0.375,0.6111111111111112,,0.375,0.7777777777777778,,,,17.24137931034483,1.0,,,0.1,,0.047619047619047616,,,,,,,,,0.3333333333333333,,0.1111111111111111,1.0,1.0,1.0,0.1111111111111111,,,,,,,,0.5555555555555556,0.4,0.4,1.0,0.2222222222222222,0.5,0.5,1.0,,,0.8888888888888888,0.5,0.5307333333333334,0.4865625,,,,0.2727272727272727,3.7,23.714285714285715,1.0,0.7,,,1.0,,,1.0,2.0,,,,1.0,3.0,,,,,,,,,,0.3333333333333333,,,,,,,0.25,0.5,0.5,,,,,0.3333333333333333,,,,,,,,,,,,,,,,,,,,,,,,,,,,,,,,,,,,,,,,,,2026
1642822,1611661331,Kaitlyn Chen,Kaitlyn Chen,1642822,GSV,-409.20000000000005,3,-7.0,4.0,78,82,25.0,24.0,13.0,160,2.0,4.0,,,3.0,13.0,1.0,1.0,,,2.0,4.0,6.0,18.0,2.0,4.0,2.0,20.0,74,2.0,2.0,7.0,2.0,8.0,6.0,,12.0,6.0,4.0,2.0,1.0,1.0,3.0,4.0,2.0,1.0,1.0,11.0,1.0,2.0,2.0,5.0,7.0,3.0,10.0,2.0,,,,,3.0,,3.0,,,3.0,,2.0,1.0,2.0,,2.0,,1.0,2.0,1.0,13.0,6.0,25.0,,,,,,,,100.0,90.2439024390244,,,1.0,0.5,0.5,0.3333333333333333,1.0,0.25,0.4090909090909091,0.875,0.2222222222222222,0.43478260869565216,0.875,0.3,0.18181818181818182,0.05555555555555555,0.25,,27.659574468085108,,0.17857142857142858,0.07142857142857142,0.16666666666666666,0.05555555555555555,0.175,0.06521739130434782,,0.1111111111111111,,0.25,0.25,0.09090909090909091,0.1,0.5,0.16666666666666666,0.18181818181818182,0.5,0.6666666666666666,,0.5909090909090909,0.23076923076923078,0.23076923076923078,,0.045454545454545456,1.0,1.0,,,,,,0.18181818181818182,0.5,0.5,1.0,,,0.36363636363636365,0.5,0.4378386363636364,0.39437222222222224,0.043478260869565216,0.05263157894736842,0.35,0.3,6.594444444444445,24.2,0.3333333333333333,0.32051282051282054,1.0,1.0,,1.0,2.0,,1.0,1.0,2.0,,,1.0,2.0,,2.0,,,,,,0.5,,0.2222222222222222,0.25,1.0,0.5,0.5,1.0,,0.1111111111111111,,0.474225,,0.5,,,,,,,,,,,,,,,,,,,,,,,,,,,,,,,,,,,,,,,,,,,,2026
1642768,1611661317,Kyara Linskens,Kyara Linskens,1642768,PHX,-464.40000000000003,5,-8.0,-13.0,86,90,52.0,23.0,13.0,176,1.0,1.0,1.0,1.0,1.0,3.0,,1.0,1.0,4.0,1.0,3.0,2.0,5.0,2.0,7.0,4.0,14.0,105,,1.0,3.0,2.0,3.0,11.0,4.0,,6.0,3.0,1.0,,2.0,1.0,3.0,1.0,,1.0,7.0,1.0,4.0,2.0,2.0,5.0,6.0,11.0,,3.0,1.0,2.0,,,,1.0,,,1.0,,1.0,6.0,8.0,,2.0,1.0,,4.0,,11.0,11.0,52.0,,,,,2.0,,,106.97674418604652,116.66666666666666,1.0,1.0,1.0,0.2857142857142857,0.2857142857142857,0.4,,0.6666666666666666,0.4166666666666667,0.5,0.5,0.5,0.5,0.6111111111111112,0.5833333333333334,,,,14.705882352941176,,0.08333333333333333,0.16,0.2222222222222222,0.045454545454545456,0.12121212121212122,0.10638297872340426,0.2222222222222222,0.16666666666666666,,0.16666666666666666,0.14285714285714285,,0.25,,,0.08333333333333333,1.0,1.0,1.0,0.25,0.3333333333333333,0.3333333333333333,1.0,0.08333333333333333,,,,0.3333333333333333,0.25,0.25,1.0,0.25,0.3333333333333333,0.3333333333333333,1.0,0.14285714285714285,1.0,0.6666666666666666,0.3333333333333333,0.5017166666666667,0.5380214285714285,,,0.21428571428571427,0.7857142857142857,8.36,24.071428571428573,,0.6046511627906976,,,3.0,,,,1.0,1.0,2.0,,1.0,4.0,4.0,,,1.0,,,,,0.5,0.25,0.14285714285714285,,,,,,0.42857142857142855,0.14285714285714285,,0.5439166666666667,,,,0.2,1.0,1.0,,1.0,2.0,,2.0,2.0,,0.5,0.5,,,2.0,2.0,,,,,,,,,,,,,,2.0,1.0,0.6666666666666666,0.3333333333333333,,,,,1.0,0.5,1.0,,,2026
1642296,1611661327,Nyadiew Puoch,Nyadiew Puoch,1642296,PDX,-527.5999999999999,5,-9.0,-32.0,225,229,58.0,77.0,18.0,454,7.0,14.0,1.0,1.0,1.0,2.0,,,2.0,5.0,1.0,5.0,8.0,16.0,3.0,10.0,3.0,28.0,265,,1.0,,2.0,2.0,8.0,10.0,6.0,9.0,5.0,1.0,3.0,2.0,2.0,4.0,,2.0,2.0,10.0,4.0,2.0,,5.0,5.0,6.0,11.0,2.0,6.0,5.0,1.0,4.0,,3.0,,1.0,,4.0,1.0,1.0,3.0,13.0,1.0,6.0,,1.0,3.0,3.0,28.0,8.0,57.0,5.0,,5.0,,2.0,1.0,1.0,103.55555555555556,115.72052401746724,0.625,0.625,1.0,0.3,0.3,0.5,,1.0,0.4807692307692308,,0.5833333333333334,0.5384615384615384,,0.6666666666666666,0.38461538461538464,0.1875,0.14285714285714285,0.5,12.14574898785425,1.0,0.1111111111111111,0.037037037037037035,,0.08333333333333333,0.058823529411764705,0.058823529411764705,0.043478260869565216,,0.07692307692307693,0.1111111111111111,0.05555555555555555,0.15789473684210525,,,0.18181818181818182,0.5384615384615384,0.5,0.5833333333333334,0.5714285714285714,0.07692307692307693,0.5,1.0,1.0,,,,,0.19230769230769232,0.4,0.4,1.0,0.19230769230769232,0.2,0.2,1.0,0.16666666666666666,1.0,0.9230769230769231,0.2,0.5400403846153846,0.5295583333333334,0.11538461538461539,0.1875,,0.2857142857142857,3.1875,23.94,,0.2577777777777778,,1.0,3.0,,1.0,,1.0,,1.0,,1.0,4.0,1.0,,,,,,3.0,,,0.25,0.125,0.5,,0.5,,,0.5,0.16666666666666666,,0.51285,,0.14285714285714285,,0.5,,,,,1.0,1.0,,1.0,1.0,,,0.16666666666666666,1.0,,,-3.0,,,,,,,,,,,,,,1.0,,0.3333333333333333,,,,,,,,,,2026
1643469,1611661330,Indya Nivar,Indya Nivar,1643469,ATL,-529.9000000000001,2,-9.0,3.0,21,23,13.0,9.0,6.0,44,,2.0,,1.0,,,,,,,,,,2.0,,,,,19,,,,,1.0,,,,,,,,3.0,,3.0,,,3.0,6.0,,2.0,3.0,2.0,5.0,2.0,7.0,,1.0,,1.0,,,,,,,,,,,,,3.0,,1.0,4.0,1.0,,,13.0,,,,,,,,104.76190476190476,82.6086956521739,,,,,,,,,,,,,,,,,,,12.903225806451614,,0.3333333333333333,0.18181818181818182,0.5,,0.4166666666666667,0.125,0.125,,,,0.3333333333333333,0.3333333333333333,0.5,,,1.0,,,,,,,,,,,,,,,,,,,,1.0,,1.0,,0.47765,0.4134,0.3333333333333333,0.3333333333333333,,,2.1,,,0.6190476190476191,,,,,,,,,,,,,,,,,,,,,,,,,,,,,,,,,,0.5,,,,,,,2.0,1.0,1.0,2.0,1.0,,,0.5,0.5,1.0,1.0,,,,,,,,,,,,,,,,,,,,,,,,,,,2026
1641656,1611661331,Laeticia Amihere,Laeticia Amihere,1641656,GSV,-539.9,3,-9.0,30.0,98,100,40.0,47.0,13.0,198,6.0,8.0,,1.0,1.0,3.0,,,,,,1.0,7.0,11.0,,1.0,5.0,19.0,100,1.0,2.0,5.0,,2.0,2.0,10.0,4.0,,1.0,,3.0,3.0,4.0,7.0,3.0,1.0,2.0,18.0,,3.0,2.0,5.0,7.0,4.0,11.0,,1.0,,1.0,1.0,,1.0,3.0,,,4.0,2.0,1.0,4.0,8.0,,10.0,2.0,,9.0,5.0,14.0,2.0,40.0,,,1.0,,,,,132.6530612244898,100.0,0.7142857142857143,0.8333333333333334,,,,0.6363636363636364,0.5,,0.5833333333333334,0.5,,0.6333333333333333,0.625,0.2,0.08333333333333333,0.2727272727272727,0.25,0.3333333333333333,16.666666666666668,0.25,0.20833333333333334,0.13043478260869565,0.13333333333333333,,0.1794871794871795,0.07317073170731707,0.16666666666666666,0.125,,,0.2222222222222222,0.375,0.15384615384615385,,,0.6666666666666666,0.75,1.0,0.6666666666666666,0.25,0.3333333333333333,0.5,1.0,,,,,,,,,0.08333333333333333,,,,0.3333333333333333,,0.75,,0.5047166666666667,0.40090000000000003,0.35714285714285715,0.38461538461538464,0.2631578947368421,0.10526315789473684,3.790909090909091,24.1,1.0,0.40816326530612246,1.0,2.0,,,,,1.0,,,3.0,,1.0,2.0,,2.0,,1.0,,3.0,,,,,1.0,0.5,,,,,0.3333333333333333,,0.44435,,0.5,,,1.0,,,3.0,5.0,4.0,1.0,5.0,5.0,,0.2,,1.0,1.0,1.0,4.0,,,,,,,,,,,,,,,,,,,,,,,,,,2026
1643489,1611661324,Antonia Delaere,Antonia Delaere,1643489,MIN,-576.4000000000001,4,-10.0,-13.0,102,109,21.0,39.0,11.0,211,3.0,3.0,,,,1.0,,,,1.0,1.0,1.0,3.0,4.0,1.0,2.0,1.0,10.0,124,,1.0,,,,3.0,6.0,,3.0,1.0,1.0,,3.0,1.0,4.0,1.0,,,9.0,,,1.0,,1.0,,1.0,,1.0,1.0,,1.0,1.0,,1.0,1.0,,2.0,,,2.0,5.0,,1.0,,,1.0,1.0,10.0,3.0,21.0,1.0,,,,,,,108.82352941176471,113.76146788990825,1.0,1.0,1.0,0.5,0.5,0.75,,,0.75,,0.75,0.8333333333333334,,0.75,0.3333333333333333,,,,6.9565217391304355,0.5,,,0.047619047619047616,,0.021739130434782608,,,,,,,,0.0625,,,0.5,1.0,1.0,1.0,0.16666666666666666,,,,,,,,0.16666666666666666,,,,0.16666666666666666,1.0,1.0,1.0,,,0.8333333333333334,1.0,0.5992833333333333,0.5013,0.16666666666666666,0.25,,0.3,2.9,23.25,,0.20588235294117646,,,1.0,,,1.0,1.0,,,,1.0,2.0,,,,3.0,,,1.0,,,0.5,,,,,,,0.5,0.5,1.0,0.4232,,,,,,,,,,,,,,,,,,,,,,,,,,,,,,,,,,,,,,,,,,,,,,2026
1627671,1611661329,Rachel Banham,Rachel Banham,1627671,CHI,-584.8999999999999,5,-10.0,2.0,165,162,49.0,48.0,16.0,327,,,,,1.0,3.0,4.0,7.0,,2.0,6.0,17.0,5.0,10.0,6.0,19.0,3.0,31.0,162,1.0,1.0,5.0,3.0,4.0,14.0,8.0,2.0,12.0,17.0,6.0,,3.0,1.0,4.0,,1.0,1.0,9.0,,,1.0,,1.0,,1.0,,1.0,,1.0,3.0,,3.0,2.0,,,5.0,,,2.0,9.0,,3.0,,,4.0,1.0,26.0,14.0,49.0,2.0,,3.0,2.0,-6.0,,,99.3939393939394,100.0,0.8,0.8,0.6666666666666666,0.3157894736842105,0.3157894736842105,0.5,1.0,0.75,0.4827586206896552,1.25,0.46153846153846156,0.5166666666666667,1.25,0.5,0.6551724137931034,,,,19.12568306010929,0.6,,,0.03333333333333333,,0.011904761904761904,,,,,,,,,0.16666666666666666,,,,,,0.10344827586206896,0.3333333333333333,0.3333333333333333,1.0,0.2413793103448276,0.5714285714285714,0.5714285714285714,0.75,0.06896551724137931,,,,0.5862068965517241,0.35294117647058826,0.35294117647058826,0.6666666666666666,,,0.6551724137931034,0.35294117647058826,0.45952758620689654,0.4536307692307692,0.06896551724137931,0.1,0.16129032258064516,0.45161290322580644,16.57,25.326315789473682,,0.296969696969697,,,2.0,1.0,1.0,2.0,7.0,1.0,1.0,,2.0,9.0,2.0,6.0,,2.0,,1.0,1.0,1.0,1.0,0.2222222222222222,,,,0.5,1.0,1.0,0.15384615384615385,0.5384615384615384,0.2857142857142857,0.3478,0.05263157894736842,,,0.23076923076923078,,,,1.0,1.0,,1.0,1.0,,,,,,1.0,1.0,,,,,,,,,,,,,,,,,,,,,,,,,1.0,,2026
1642767,1611661331,Janelle Salaun,Janelle Salaun,1642767,GSV,-597.5,3,-10.0,28.0,135,136,44.0,54.0,26.0,271,3.0,6.0,,1.0,2.0,4.0,,1.0,1.0,2.0,9.0,18.0,5.0,11.0,10.0,20.0,7.0,47.0,136,,2.0,3.0,,1.0,10.0,4.0,6.0,30.0,18.0,9.0,1.0,1.0,2.0,3.0,2.0,,1.0,8.0,1.0,,3.0,2.0,5.0,1.0,6.0,,1.0,1.0,,,1.0,,1.0,,,1.0,,,2.0,6.0,,7.0,,,10.0,4.0,44.0,10.0,44.0,1.0,,,,,,,121.48148148148147,99.99999999999999,0.4,0.4,1.0,0.5,0.5,0.45454545454545453,,,0.6451612903225806,0.5,0.75,0.6714285714285714,0.5,0.7142857142857143,0.6451612903225806,0.09090909090909091,,0.25,22.085889570552148,,0.05555555555555555,,0.10344827586206896,0.030303030303030304,0.07692307692307693,0.014925373134328358,,,0.03571428571428571,,,,0.13043478260869565,,,0.1935483870967742,0.5,0.5,0.6666666666666666,0.12903225806451613,0.5,0.6666666666666666,,0.03225806451612903,,,,0.06451612903225806,0.5,0.5,1.0,0.5806451612903226,0.5,0.5,1.0,0.16666666666666666,,0.8387096774193549,0.5,0.5226774193548387,0.5397583333333333,0.14285714285714285,0.2857142857142857,0.06382978723404255,0.2127659574468085,6.490909090909091,24.630000000000003,,0.32592592592592595,,1.0,,,,3.0,5.0,1.0,1.0,,3.0,5.0,1.0,,,,,,1.0,1.0,1.0,0.6,0.18181818181818182,0.3333333333333333,,,,,,0.8333333333333334,0.6,0.4819,0.047619047619047616,0.3333333333333333,1.0,0.3,,,,,1.0,,,1.0,1.0,,,,1.0,,,,,,,,,,,,,,,,1.0,,0.3333333333333333,,,,1.0,,1.0,1.0,1.0,,,2026
203822,1611661313,Rebekah Gardner,Rebekah Gardner,203822,NYL,-635.3,4,-11.0,37.0,187,192,88.0,72.0,18.0,379,9.0,10.0,2.0,2.0,1.0,3.0,,,2.0,3.0,2.0,6.0,10.0,13.0,4.0,9.0,8.0,40.0,189,1.0,1.0,3.0,3.0,4.0,15.0,16.0,4.0,12.0,6.0,2.0,,6.0,5.0,11.0,4.0,1.0,3.0,27.0,5.0,,,8.0,9.0,5.0,14.0,,1.0,1.0,,3.0,1.0,2.0,1.0,1.0,,4.0,1.0,2.0,2.0,8.0,2.0,7.0,1.0,1.0,9.0,2.0,37.0,15.0,88.0,2.0,,2.0,,1.0,2.0,3.0,120.85561497326202,98.4375,0.8,0.8888888888888888,1.0,0.4444444444444444,0.4444444444444444,0.7692307692307693,1.0,0.75,0.7272727272727273,0.5,0.5625,0.7692307692307693,0.75,0.6818181818181818,0.4090909090909091,,,,14.563106796116504,0.75,0.14814814814814814,,,0.125,0.08333333333333333,0.07692307692307693,,,0.14814814814814814,0.07692307692307693,0.16666666666666666,0.15151515151515152,,,,0.45454545454545453,0.9,0.9,0.7777777777777778,0.13636363636363635,0.3333333333333333,0.3333333333333333,1.0,,,,,0.13636363636363635,0.6666666666666666,0.6666666666666666,1.0,0.2727272727272727,0.3333333333333333,0.3333333333333333,1.0,0.25,1.0,0.8636363636363636,0.3333333333333333,0.5761999999999999,0.56206875,0.08695652173913043,0.14285714285714285,0.075,0.375,2.5923076923076924,24.544444444444444,,0.47058823529411764,1.0,1.0,,,1.0,1.0,4.0,,1.0,1.0,1.0,4.0,6.0,,2.0,3.0,,,1.0,,,0.25,0.1111111111111111,0.5,1.0,0.5,,,,0.5,0.25,0.5088,,,,0.6,,1.0,,,,,,,,0.09090909090909091,,,,3.0,3.0,-7.0,,,,,,,,,,,,,,,,,,,,,,,,,,2026
1642786,1611661329,Aicha Coulibaly,Aicha Coulibaly,1642786,CHI,-645.9000000000001,4,-11.0,15.0,113,118,33.0,39.0,11.0,231,1.0,7.0,,1.0,4.0,7.0,,,,1.0,,2.0,5.0,14.0,,3.0,6.0,16.0,135,,,,2.0,4.0,6.0,8.0,2.0,,2.0,,1.0,2.0,1.0,3.0,,1.0,1.0,7.0,,,4.0,1.0,5.0,1.0,6.0,,3.0,3.0,,,,,,,,,,,4.0,10.0,2.0,7.0,1.0,2.0,6.0,2.0,16.0,6.0,33.0,2.0,,,,1.0,,,132.7433628318584,114.40677966101696,0.8,0.8,,,,0.35714285714285715,,0.5,0.29411764705882354,,0.4,0.4,,0.5,0.17647058823529413,0.07142857142857142,,0.14285714285714285,16.0,,0.04,,0.15384615384615385,,0.09803921568627451,,,,,,,0.07692307692307693,0.13636363636363635,0.25,,0.4117647058823529,0.14285714285714285,0.14285714285714285,1.0,0.4117647058823529,0.5714285714285714,0.6666666666666666,0.75,,,,,0.058823529411764705,,,,0.11764705882352941,,,,0.2,,0.5882352941176471,,0.5111794117647058,0.52308,0.10526315789473684,0.125,,0.375,4.064285714285714,24.0,0.3333333333333333,0.2920353982300885,,,1.0,,,,,,,,,1.0,2.0,,,1.0,,,,,,,,,,,,,0.2,,,,,0.16666666666666666,,,1.0,,,,,,,,,,0.3333333333333333,,,1.0,1.0,1.0,,,,,,,,,,,,,,,,,,,,,,,,,,2026
1630143,1611661327,Luisa Geiselsoder,Luisa Geiselsoder,1630143,PDX,-696.8,5,-12.0,7.0,234,232,66.0,83.0,20.0,466,5.0,7.0,,,2.0,9.0,,1.0,2.0,4.0,2.0,13.0,7.0,17.0,4.0,17.0,7.0,33.0,260,2.0,4.0,4.0,,3.0,7.0,12.0,2.0,12.0,13.0,2.0,3.0,6.0,5.0,11.0,5.0,,5.0,27.0,,2.0,11.0,6.0,18.0,2.0,20.0,,2.0,1.0,1.0,2.0,1.0,1.0,4.0,1.0,,6.0,,4.0,5.0,18.0,,11.0,,5.0,7.0,2.0,29.0,7.0,65.0,3.0,,,,-4.0,,,114.10256410256412,112.06896551724138,0.8571428571428571,0.8571428571428571,1.0,0.23529411764705882,0.23529411764705882,0.4117647058823529,0.5,,0.38235294117647056,0.3333333333333333,0.3,0.44594594594594594,0.3333333333333333,0.5,0.5,0.17647058823529413,0.14285714285714285,0.2222222222222222,16.602316602316602,0.3333333333333333,0.12,0.03636363636363636,0.2558139534883721,,0.1827956989247312,0.018691588785046728,0.043478260869565216,0.03571428571428571,,,0.125,0.15789473684210525,0.22580645161290322,0.3333333333333333,,0.20588235294117646,0.7142857142857143,0.8333333333333334,0.8,0.2647058823529412,0.2222222222222222,0.2857142857142857,1.0,0.029411764705882353,,,,0.11764705882352941,0.5,0.5,1.0,0.38235294117647056,0.15384615384615385,0.15384615384615385,1.0,,,0.7058823529411765,0.15384615384615385,0.5091397058823529,0.46986999999999995,0.05714285714285714,0.1111111111111111,0.12121212121212122,0.21212121212121213,5.723529411764706,24.541176470588233,0.2857142857142857,0.28205128205128205,1.0,2.0,1.0,,1.0,,1.0,,2.0,,1.0,2.0,4.0,,,,1.0,,1.0,,,0.5,,0.3333333333333333,0.5,0.16666666666666666,,,0.2,0.2,,0.5476916666666667,,,,0.15384615384615385,,1.0,,3.0,3.0,2.0,1.0,3.0,1.0,0.14285714285714285,,,0.3333333333333333,2.0,2.0,3.0,,,,,,,,,1.0,,,,1.0,1.0,0.16666666666666666,1.0,,,,,,,,,,2026
1630386,1611661321,Awak Kuier,Awak Kuier,1630386,DAL,-701.0,5,-12.0,24.0,93,94,19.0,30.0,13.0,187,5.0,6.0,1.0,1.0,,,,1.0,,,1.0,5.0,5.0,7.0,1.0,5.0,2.0,15.0,90,,1.0,,1.0,1.0,3.0,10.0,,3.0,5.0,1.0,,5.0,1.0,6.0,1.0,,2.0,13.0,2.0,1.0,4.0,2.0,7.0,3.0,10.0,,4.0,4.0,,1.0,,,,1.0,,1.0,,,3.0,3.0,,3.0,,,3.0,1.0,15.0,3.0,19.0,,,,,,,,122.58064516129032,95.74468085106383,1.0,1.0,1.0,0.2,0.2,0.7142857142857143,,1.0,0.5416666666666666,,0.5,0.5769230769230769,,0.5,0.4166666666666667,,,,13.20754716981132,1.0,0.08333333333333333,0.03571428571428571,0.25,0.14285714285714285,0.15,0.07142857142857142,0.08333333333333333,,0.07692307692307693,1.0,,0.2222222222222222,0.26666666666666666,,,0.5,0.8333333333333334,0.8333333333333334,1.0,,,,,0.08333333333333333,,,,,,,,0.4166666666666667,0.2,0.2,1.0,0.5,1.0,0.9166666666666666,0.2,0.5143625,0.60275,0.08333333333333333,0.14285714285714285,,0.2,4.042857142857143,26.939999999999998,,0.20430107526881722,,1.0,,,1.0,,1.0,,1.0,,,1.0,1.0,,,3.0,,,1.0,,,,,0.5,,0.5,,,,0.5,,0.505825,,,,,,1.0,,,2.0,,2.0,2.0,2.0,0.3333333333333333,,,1.0,1.0,1.0,,,,,,,,,,,,,,,,,,,,,,,,,,,2026
1642826,1611661313,Aubrey Griffin,Aubrey Griffin,1642826,NYL,-736.8,4,-12.0,1.0,19,20,9.0,9.0,1.0,39,,,,,1.0,1.0,,,,,,,1.0,1.0,,,,2.0,21,,,,,,,,2.0,,,,,,,,,,,,,,,1.0,1.0,,1.0,,,,,,1.0,,1.0,,,1.0,,,1.0,1.0,,1.0,1.0,,,,2.0,,9.0,,,,,,,,115.78947368421052,105.0,,,,,,1.0,,,1.0,,,1.0,,,,,,,10.0,,0.09090909090909091,,,,0.07692307692307693,,,,,,,0.14285714285714285,,,,,,,,1.0,1.0,1.0,,,,,,,,,,,,,,,,,,0.2358,,,,,,4.0,,,0.47368421052631576,,,,,,,,,,,,,,,,,,,,,,,,,,,,,,,,,,,,,,,,,,,,,,,,,,,,,,,,,,,,,,,,,,,,,,,,,,,,,,2026
1642793,1611661321,Aziaha James,Aziaha James,1642793,DAL,-781.0000000000001,5,-13.0,8.0,115,116,26.0,29.0,11.0,231,3.0,7.0,,,2.0,8.0,1.0,4.0,2.0,2.0,2.0,8.0,6.0,19.0,4.0,10.0,8.0,32.0,117,,1.0,,,1.0,11.0,6.0,6.0,12.0,8.0,2.0,2.0,2.0,,2.0,,,1.0,4.0,,4.0,4.0,4.0,8.0,4.0,12.0,1.0,6.0,3.0,3.0,3.0,,2.0,1.0,1.0,,4.0,1.0,2.0,3.0,11.0,,9.0,,3.0,8.0,4.0,32.0,11.0,26.0,,,,,2.0,,,108.69565217391305,100.86206896551725,0.5,0.5,1.0,0.4,0.4,0.3157894736842105,,,0.41379310344827586,,0.9,0.5,,0.9166666666666666,0.3448275862068966,0.10526315789473684,0.2857142857142857,,28.346456692913385,0.75,0.18181818181818182,0.12121212121212122,0.16666666666666666,,0.17391304347826086,0.07407407407407407,0.4,,,,0.4,,0.17391304347826086,,0.058823529411764705,0.2413793103448276,0.42857142857142855,0.6,0.3333333333333333,0.27586206896551724,0.25,0.25,0.5,0.13793103448275862,0.25,0.25,1.0,0.06896551724137931,1.0,1.0,1.0,0.27586206896551724,0.25,0.25,1.0,,,0.5862068965517241,0.25,0.4889948275862069,0.46089,0.15625,0.18181818181818182,,0.34375,7.4105263157894745,25.0,,0.22608695652173913,,,2.0,,,1.0,2.0,,,,3.0,4.0,2.0,,,1.0,,,1.0,1.0,,0.75,,,,,,,0.4,0.4,0.5,0.2292,0.1,0.75,,0.16666666666666666,,,,1.0,2.0,1.0,1.0,2.0,1.0,,,,0.5,,,1.0,,,,,,,,,,,,,,2.0,,1.0,,,,,,,,1.0,,2026
1643490,1611661324,Eliska Hamzova,Eliska Hamzova,1643490,MIN,-782.0,2,-13.0,-1.0,14,15,6.0,15.0,2.0,29,,,,,,,,,,,,1.0,,,,1.0,2.0,2.0,16,,,,,,,,,,1.0,,,,,,,,,,,,,1.0,1.0,,1.0,,,,,2.0,,1.0,,1.0,,2.0,,1.0,1.0,1.0,,1.0,,,2.0,1.0,2.0,,6.0,,,,,,,,107.14285714285714,106.66666666666667,,,,,,,,,,,,0.5,,,1.0,,,,25.0,1.0,0.3333333333333333,,,,0.16666666666666666,,,,,,0.5,,,,,,,,,,,,,,,,,,,,,1.0,,,,,,1.0,,0.57825,,0.5,1.0,,,,23.6,,0.42857142857142855,,,,,1.0,,,,1.0,,,,,,,,,,,,,,,,,1.0,,,,,,,,,,,,,,,,,,,,,,,,,,,,,,,,,,,,,,,,,,,,,,,,,,,,2026
1643457,1611661332,Teonni Key,Teonni Key,1643457,TOR,-790.9999999999999,5,-13.0,2.0,113,116,52.0,62.0,10.0,229,3.0,4.0,2.0,3.0,,2.0,,,2.0,5.0,,1.0,3.0,6.0,2.0,6.0,4.0,16.0,142,2.0,3.0,6.0,2.0,5.0,12.0,4.0,2.0,6.0,1.0,,,,2.0,2.0,2.0,,,6.0,2.0,5.0,1.0,6.0,8.0,7.0,15.0,1.0,2.0,2.0,,2.0,,1.0,1.0,1.0,,3.0,,,4.0,10.0,2.0,6.0,2.0,1.0,6.0,2.0,10.0,12.0,52.0,3.0,,1.0,,,1.0,7.0,127.43362831858408,122.41379310344828,0.6666666666666666,1.0,1.0,0.3333333333333333,0.3333333333333333,0.5,0.6666666666666666,0.4,0.5,0.6666666666666666,0.5555555555555556,0.5333333333333333,0.6,0.6,0.5,,,,14.173228346456693,0.6666666666666666,0.17647058823529413,0.20833333333333334,0.05,0.07692307692307693,0.12962962962962962,0.14,0.2222222222222222,0.25,0.09523809523809523,,0.19047619047619047,0.2,,0.14285714285714285,0.14285714285714285,0.3333333333333333,0.75,0.75,0.6666666666666666,0.16666666666666666,,,,,,,,0.4166666666666667,0.4,0.4,1.0,0.08333333333333333,,,,0.3333333333333333,0.6666666666666666,0.8333333333333334,,0.5208458333333333,0.5001166666666667,0.14285714285714285,0.25,0.375,0.75,3.733333333333333,23.733333333333334,,0.46017699115044247,2.0,3.0,3.0,,,,1.0,,,2.0,2.0,4.0,2.0,,2.0,,,,,,,0.5,,1.0,0.6666666666666666,,,,0.3333333333333333,0.1111111111111111,,0.5688,,1.0,,,,1.0,,1.0,4.0,2.0,2.0,4.0,3.0,0.5,,,0.75,1.0,1.0,-9.0,,,,,,,,,0.5,,,,,2.0,,0.6666666666666666,,,,,,,,,,2026
1642797,1611661324,Anastasiia Olairi Kosu,Anastasiia Olairi Kosu,1642797,MIN,-856.5,4,-14.0,3.0,49,50,15.0,23.0,5.0,99,4.0,7.0,1.0,1.0,1.0,2.0,,,,,,,5.0,9.0,,,,10.0,61,1.0,1.0,2.0,1.0,1.0,2.0,8.0,2.0,,,,2.0,2.0,1.0,3.0,1.0,,1.0,7.0,1.0,1.0,1.0,,1.0,2.0,3.0,1.0,1.0,1.0,,,,,,,,,,,4.0,6.0,1.0,,,,,,8.0,2.0,15.0,1.0,,4.0,1.0,-10.0,,,130.6122448979592,122.0,0.8,1.0,,,,0.5555555555555556,1.0,1.0,0.5555555555555556,1.0,1.0,0.5555555555555556,1.0,1.0,,0.2222222222222222,0.2857142857142857,,16.666666666666664,,,0.09090909090909091,0.09090909090909091,0.3333333333333333,0.037037037037037035,0.14285714285714285,,0.2,0.3333333333333333,,,,0.125,,0.5,0.7777777777777778,0.5714285714285714,0.8,0.75,0.2222222222222222,0.5,0.5,1.0,,,,,,,,,,,,,1.0,1.0,0.7777777777777778,,0.5337666666666666,0.5883,,,0.2,0.2,3.011111111111111,,1.0,0.30612244897959184,1.0,1.0,,,,,,,,,,,,,2.0,,1.0,,,,,,,1.0,1.0,,,,,,,0.4479,,,,,,,,,1.0,,1.0,1.0,,,,,,,,,,,,,,,,,,,,,,,,,,,,,,,,,,2026
1631083,1611661327,Emily Engstler,Emily Engstler,1631083,PDX,-897.4999999999998,5,-15.0,-34.0,227,226,69.0,90.0,21.0,453,5.0,13.0,1.0,2.0,2.0,6.0,,,1.0,3.0,6.0,11.0,7.0,19.0,7.0,14.0,6.0,41.0,272,,1.0,2.0,2.0,3.0,12.0,10.0,4.0,18.0,11.0,6.0,2.0,2.0,3.0,5.0,3.0,,2.0,13.0,2.0,,7.0,4.0,12.0,2.0,14.0,,5.0,4.0,1.0,5.0,1.0,4.0,5.0,1.0,,10.0,1.0,5.0,7.0,14.0,1.0,7.0,2.0,1.0,7.0,2.0,39.0,12.0,68.0,1.0,2.0,-4.0,1.0,8.0,,5.0,104.84581497797356,120.35398230088497,0.7142857142857143,0.7142857142857143,0.8571428571428571,0.5,0.5,0.3684210526315789,,0.6666666666666666,0.5303030303030303,,0.4375,0.5694444444444444,0.5,0.5454545454545454,0.42424242424242425,0.10526315789473684,0.15384615384615385,,18.326693227091635,0.5,0.0851063829787234,,0.1590909090909091,0.04,0.12087912087912088,0.019230769230769232,,,0.05,,0.05555555555555555,,0.125,0.25,,0.3939393939393939,0.38461538461538464,0.45454545454545453,0.6,0.18181818181818182,0.3333333333333333,0.3333333333333333,1.0,,,,,0.09090909090909091,0.3333333333333333,0.3333333333333333,1.0,0.3333333333333333,0.5454545454545454,0.5454545454545454,0.8333333333333334,0.25,0.5,0.8181818181818182,0.5454545454545454,0.5430621212121213,0.46778125,0.058823529411764705,0.1,0.04878048780487805,0.2926829268292683,3.289473684210526,24.592857142857145,0.5,0.3039647577092511,,,2.0,,,,3.0,,,2.0,1.0,5.0,5.0,3.0,,,,,1.0,,,0.2,0.42857142857142855,,,,,,0.25,0.375,,,,,,0.2,,1.0,1.0,2.0,5.0,,5.0,8.0,4.0,0.14285714285714285,,,0.5,2.0,2.0,1.0,,,,,,3.0,3.0,,,,,,,1.0,,0.5,,,,,,,,,,2026
1629581,1611661324,Emese Hof,Emese Hof,1629581,MIN,-912.9,2,-15.0,-14.0,28,34,3.0,13.0,1.0,62,2.0,2.0,,,,3.0,,,,,,,2.0,5.0,,,1.0,5.0,38,,1.0,,,1.0,,4.0,,,,,2.0,2.0,,2.0,,,,4.0,,1.0,1.0,1.0,2.0,1.0,3.0,,,,,,,,2.0,,1.0,2.0,,,1.0,3.0,1.0,1.0,,,2.0,1.0,5.0,,3.0,,,4.0,,,,,85.71428571428571,111.76470588235293,1.0,1.0,,,,0.4,,,0.4,,,0.4166666666666667,,,,0.4,,0.6666666666666666,25.806451612903228,,0.1,0.1,0.14285714285714285,,0.11764705882352941,0.07142857142857142,,0.3333333333333333,,,,0.3333333333333333,0.2,,,0.4,1.0,1.0,1.0,0.6,,,,,,,,,,,,,,,,,,0.4,,0.47544000000000003,0.3382,0.16666666666666666,0.16666666666666666,,,4.68,,,0.10714285714285714,,,,,,,,,,,,,,,,,2.0,,,,,,,,,,,,,,,0.3382,,,,,,,,1.0,,,,,,,,,,,,,,,,,,,,,,,,,,,,,,,,,,,,,,2026
204296,1611661313,Rebecca Allen,Rebecca Allen,204296,NYL,-953.8000000000001,1,-16.0,-11.0,33,33,20.0,15.0,1.0,66,,,,,,1.0,,,1.0,1.0,,1.0,,1.0,1.0,2.0,,3.0,41,,,,,1.0,3.0,,,3.0,1.0,,1.0,1.0,,1.0,,,1.0,2.0,,,,,,,,,1.0,1.0,,,,,,,,,,,2.0,2.0,,,,,,,3.0,3.0,20.0,,,,,,,,90.9090909090909,124.24242424242424,,,1.0,0.5,0.5,,,,0.5,,0.5,0.5,,0.5,0.6666666666666666,1.0,,1.0,8.823529411764705,,,,,,,,,,,,,,,,,,,,,0.3333333333333333,,,,,,,,0.3333333333333333,1.0,1.0,1.0,0.3333333333333333,,,,,,0.6666666666666666,,0.51135,0.51135,,,,1.0,4.3,23.55,,0.6060606060606061,,,1.0,,,,1.0,,,,1.0,2.0,,,,,,,,,,0.5,,,,,,,0.3333333333333333,0.3333333333333333,,,,,,,,,,,,,,,,,,,,,,,,,,,,,,,,,,,,1.0,,1.0,,,,,,,,,,2026
1630471,1611661324,Maya Caldwell,Maya Caldwell,1630471,MIN,-983.0,4,-16.0,4.0,88,92,16.0,23.0,8.0,180,1.0,2.0,,,,,1.0,2.0,1.0,2.0,1.0,4.0,2.0,4.0,2.0,6.0,1.0,11.0,93,,,3.0,,,3.0,2.0,2.0,3.0,4.0,1.0,,5.0,,5.0,,,5.0,10.0,1.0,,2.0,3.0,5.0,1.0,6.0,,2.0,1.0,1.0,1.0,,1.0,1.0,,1.0,2.0,,1.0,,3.0,,4.0,,1.0,1.0,1.0,8.0,3.0,16.0,,,,,,,,110.22727272727273,101.08695652173913,0.5,0.5,0.5,0.3333333333333333,0.3333333333333333,0.5,,,0.5,1.5,1.5,0.55,1.5,1.5,0.6,,,,12.0,0.5,0.12,,0.13333333333333333,0.09090909090909091,0.125,0.02857142857142857,,,0.1111111111111111,,0.1111111111111111,0.1,0.08333333333333333,0.3333333333333333,,0.2,0.5,0.5,,,,,,0.2,0.5,0.5,1.0,0.2,0.5,0.5,1.0,0.4,0.25,0.25,,,,0.8,0.25,0.5095449999999999,0.438,0.1,0.25,0.2727272727272727,0.2727272727272727,9.275,24.96666666666667,,0.18181818181818182,,,,1.0,1.0,1.0,1.0,1.0,1.0,,1.0,1.0,,3.0,,,,,1.0,,1.0,1.0,0.16666666666666666,,,1.0,1.0,,,1.0,1.0,0.438,,,,,,,,,1.0,1.0,,1.0,,,,,,,,,,,,,,,,,,,,,,,,,,,,,,,,,,2026
1641651,1611661328,Jordan Horston,Jordan Horston,1641651,SEA,-1186.9,5,-20.0,-7.0,157,162,52.0,44.0,15.0,319,,2.0,,,1.0,7.0,1.0,1.0,,2.0,,3.0,2.0,10.0,,5.0,3.0,7.0,153,,1.0,,1.0,2.0,3.0,,4.0,,3.0,,1.0,4.0,1.0,5.0,1.0,,3.0,11.0,1.0,1.0,5.0,7.0,12.0,2.0,14.0,,4.0,4.0,,4.0,2.0,2.0,3.0,2.0,,7.0,,3.0,3.0,5.0,1.0,4.0,,,4.0,1.0,7.0,3.0,51.0,,,,,,,,92.99363057324841,94.44444444444444,,,,,,0.2,,0.5,0.13333333333333333,,0.2,0.20588235294117646,,0.25,0.3333333333333333,0.1,0.5,,13.793103448275863,0.5714285714285714,0.1590909090909091,0.02631578947368421,0.12195121951219512,0.030303030303030304,0.1411764705882353,0.028169014084507043,,,0.043478260869565216,,0.05263157894736842,0.14285714285714285,0.1388888888888889,,,0.13333333333333333,,,,0.4666666666666667,0.14285714285714285,0.14285714285714285,,0.06666666666666667,1.0,1.0,,0.13333333333333333,,,,0.2,,,,,,0.4666666666666667,,0.4423133333333333,0.41689999999999994,0.0625,0.09090909090909091,,0.42857142857142855,7.31,24.16,0.3333333333333333,0.33121019108280253,,,2.0,,1.0,,1.0,,1.0,,,3.0,1.0,,,1.0,,,,,,,0.36363636363636365,,,0.5,,,0.4,0.2,,0.46705,,,,0.4,,,,1.0,2.0,,1.0,2.0,2.0,,,0.1111111111111111,1.0,1.0,1.0,,,,,,,,,,,,,,,,,,,,1.0,,,,,,,2026
1631118,1611661332,Lexi Held,Lexi Held,1631118,TOR,-1625.6,5,-27.0,7.0,48,46,26.0,21.0,3.0,94,1.0,2.0,1.0,1.0,,,,,,,,,1.0,2.0,,,1.0,3.0,40,,,,1.0,1.0,3.0,,2.0,,,,,,1.0,1.0,,1.0,,3.0,,,1.0,,1.0,,1.0,,,,,,,,1.0,,,1.0,,,2.0,2.0,,2.0,,1.0,1.0,1.0,3.0,3.0,26.0,,,,,,,,97.91666666666667,86.95652173913044,,,,,,0.5,,1.0,0.5,,1.0,0.75,,1.5,,,,,5.88235294117647,,,,0.08333333333333333,,0.038461538461538464,,,,,,,,,0.3333333333333333,,1.0,0.5,0.5,,,,,,,,,,,,,,,,,,1.0,1.0,1.0,,0.7196,0.7761,0.5,0.5,,1.0,0.55,,,0.5416666666666666,,,,,,,,,,,,,1.0,,,,,1.0,1.0,,,,,,,,,,,,,,,,,,,,,,,,,,,,,,,,,,,,,,,,,,,,,,,,,,,,,,,,,,,2026
1628915,1611661332,Kia Nurse,Kia Nurse,1628915,TOR,-1720.3,5,-29.0,30.0,98,101,59.0,49.0,10.0,199,1.0,1.0,1.0,1.0,,1.0,2.0,2.0,,1.0,2.0,7.0,3.0,4.0,2.0,8.0,4.0,16.0,105,,,2.0,3.0,4.0,13.0,6.0,,6.0,7.0,2.0,1.0,2.0,1.0,3.0,1.0,,,7.0,,1.0,2.0,,3.0,1.0,4.0,,1.0,,1.0,,,,2.0,,,2.0,,1.0,,7.0,1.0,4.0,,,4.0,1.0,14.0,13.0,59.0,2.0,,,,1.0,,,137.75510204081633,103.96039603960396,1.0,1.0,1.0,0.25,0.25,0.75,,0.75,0.5,,0.5,0.5714285714285714,0.3333333333333333,0.5909090909090909,0.6666666666666666,0.25,,1.0,14.414414414414413,,,0.05263157894736842,0.07407407407407407,,0.03636363636363636,0.022727272727272728,,,,,,,0.05263157894736842,0.125,,0.08333333333333333,1.0,1.0,1.0,0.08333333333333333,,,,0.16666666666666666,1.0,1.0,1.0,0.08333333333333333,,,,0.5833333333333334,0.2857142857142857,0.2857142857142857,1.0,0.1111111111111111,1.0,0.75,0.2857142857142857,0.5041208333333334,0.49496111111111113,0.07692307692307693,0.2,0.125,0.8125,10.725,26.0375,,0.6020408163265306,,,,,2.0,1.0,5.0,,2.0,2.0,1.0,5.0,4.0,,,2.0,,,,,,0.2,,,,1.0,,,,0.5555555555555556,0.2,0.64275,,,,,,1.0,,2.0,,,,,,0.25,,0.2,,1.0,1.0,,,,,,,,,,,,,,,,,,,,,,,,,,,2026
1642321,1611661329,Sydney Taylor,Sydney Taylor,1642321,CHI,-1776.0,3,-30.0,10.0,45,44,29.0,18.0,6.0,89,1.0,1.0,1.0,1.0,,,,2.0,,1.0,1.0,5.0,1.0,3.0,1.0,6.0,5.0,10.0,44,,,,1.0,2.0,10.0,2.0,,3.0,5.0,1.0,,2.0,,2.0,,,1.0,4.0,,1.0,,,,1.0,1.0,,,,,,,,1.0,,1.0,1.0,,,,3.0,,5.0,,2.0,5.0,2.0,10.0,10.0,29.0,1.0,,,,,,,120.0,100.0,1.0,1.0,1.0,0.16666666666666666,0.16666666666666666,0.3333333333333333,,0.5,0.2777777777777778,,0.5,0.45454545454545453,,0.7142857142857143,0.6666666666666666,,,,23.52941176470588,,,0.1,,,,0.05,0.25,,,,,,,,,0.1111111111111111,1.0,1.0,1.0,,,,,0.2222222222222222,,,,0.1111111111111111,,,,0.5555555555555556,0.2,0.25,1.0,0.2,1.0,0.7777777777777778,0.2,0.5290444444444444,0.48338000000000003,0.2,0.5,,1.0,10.833333333333334,24.21666666666667,,0.6444444444444445,,,,,,1.0,3.0,,1.0,,1.0,3.0,5.0,,,1.0,,,1.0,,,0.3333333333333333,,,,,,,,0.6,0.3333333333333333,0.90195,,,0.5,0.2,,,,,1.0,1.0,,1.0,1.0,,,,1.0,1.0,1.0,,1.0,,,0.16666666666666666,,,,0.2,,,,,1.0,,1.0,,,,,,,,,,,2026
1641652,1611661321,Maddy Siegrist,Maddy Siegrist,1641652,DAL,-1885.0,5,-31.0,31.0,135,138,26.0,37.0,8.0,273,6.0,8.0,,1.0,4.0,9.0,2.0,2.0,,3.0,3.0,9.0,12.0,19.0,3.0,12.0,3.0,36.0,139,2.0,2.0,5.0,1.0,3.0,4.0,24.0,,9.0,9.0,3.0,1.0,3.0,1.0,4.0,1.0,,1.0,9.0,,,4.0,5.0,11.0,,11.0,,1.0,1.0,,,,,,,,,,,5.0,8.0,2.0,2.0,1.0,,3.0,1.0,31.0,4.0,26.0,1.0,1.0,-3.0,,1.0,,,125.92592592592592,100.72463768115942,1.0,1.0,1.0,0.25,0.25,0.631578947368421,1.0,0.3333333333333333,0.532258064516129,1.0,0.3333333333333333,0.5625,1.25,0.5,0.3870967741935484,0.05263157894736842,0.125,,21.768707482993197,,0.15625,,0.16,,0.15789473684210525,,,,,,0.18181818181818182,0.125,0.17391304347826086,,,0.25806451612903225,0.75,0.8571428571428571,1.0,0.2903225806451613,0.4444444444444444,0.4444444444444444,1.0,0.06451612903225806,1.0,1.0,1.0,0.0967741935483871,,,,0.2903225806451613,0.3333333333333333,0.3333333333333333,1.0,0.3333333333333333,,0.6451612903225806,0.3333333333333333,0.48176774193548383,0.4189333333333333,0.03225806451612903,0.05263157894736842,0.1388888888888889,0.1111111111111111,7.2,24.45,0.25,0.1925925925925926,1.0,1.0,,,,,,,,1.0,,,2.0,,,1.0,1.0,,1.0,,,,0.2,0.5,1.0,,,,,,,0.4092,,0.5,,0.125,,2.0,,,1.0,1.0,,1.0,1.0,0.5,,,1.0,1.0,1.0,,1.0,,,0.08333333333333333,0.3333333333333333,,,,1.0,,,,,,,,,,,,,,,,,2026
204322,1611661329,Elizabeth Williams,Elizabeth Williams,204322,CHI,-1939.8,5,-32.0,-5.0,157,165,67.0,65.0,18.0,322,2.0,9.0,,3.0,6.0,7.0,,,,,,,8.0,16.0,,,4.0,20.0,181,3.0,6.0,7.0,4.0,7.0,12.0,14.0,2.0,,,,2.0,,4.0,4.0,3.0,1.0,,12.0,3.0,5.0,5.0,9.0,14.0,8.0,22.0,1.0,1.0,,1.0,3.0,,2.0,2.0,1.0,,5.0,1.0,3.0,4.0,7.0,1.0,9.0,,,9.0,4.0,13.0,12.0,67.0,1.0,,,,2.0,,,112.10191082802547,109.6969696969697,0.875,0.875,,,,0.5,0.5,0.5714285714285714,0.5,0.5,0.5714285714285714,0.5,0.4375,0.6,,0.125,0.2222222222222222,,14.044943820224718,0.6,0.1956521739130435,0.11363636363636363,0.17857142857142858,0.0967741935483871,0.1891891891891892,0.10666666666666667,0.13636363636363635,,0.12,,0.09090909090909091,0.2608695652173913,0.16,0.3333333333333333,0.16666666666666666,0.5625,0.2222222222222222,0.2857142857142857,1.0,0.4375,0.8571428571428571,0.8571428571428571,0.8333333333333334,,,,,,,,,,,,,0.42857142857142855,,0.5625,,0.487375,0.44698571428571426,0.21052631578947367,0.21052631578947367,0.35,0.6,4.225,,,0.4267515923566879,,3.0,,,,,,,,1.0,,,4.0,,,,,,1.0,,,,0.16666666666666666,0.5,,,,,,,,0.44106666666666666,,0.2857142857142857,,,,,1.0,1.0,5.0,3.0,2.0,5.0,3.0,,,0.2857142857142857,0.6,1.0,1.0,,,,,,,,,,,,,,,,,,,,,1.0,,,,,,2026
1642287,1611661320,Cameron Brink,Cameron Brink,1642287,LAS,-2295.0,4,-38.0,-38.0,125,129,70.0,74.0,16.0,254,10.0,12.0,8.0,9.0,,,,,,3.0,,1.0,10.0,12.0,,4.0,8.0,28.0,163,2.0,2.0,4.0,8.0,9.0,21.0,18.0,2.0,,1.0,,2.0,4.0,,4.0,,,3.0,8.0,3.0,2.0,4.0,4.0,8.0,5.0,13.0,,2.0,1.0,1.0,3.0,,2.0,5.0,1.0,,8.0,1.0,1.0,4.0,15.0,3.0,11.0,1.0,,12.0,2.0,24.0,21.0,70.0,6.0,1.0,-4.0,,1.0,3.0,1.0,100.0,126.35658914728681,0.9,0.9,,,,0.8333333333333334,1.0,0.8888888888888888,0.625,1.0,0.7272727272727273,0.6363636363636364,1.0,0.7,0.25,0.16666666666666666,0.16666666666666666,,20.833333333333336,0.375,0.17391304347826086,0.08333333333333333,0.12903225806451613,0.13043478260869565,0.14814814814814814,0.10638297872340426,0.1,0.1,0.13333333333333333,0.125,,0.2727272727272727,0.16,,,0.75,0.8333333333333334,1.0,0.9,,,,,,,,,0.1875,,,,0.0625,,,,0.8181818181818182,0.8888888888888888,1.0,,0.584890625,0.5837772727272728,0.1111111111111111,0.14285714285714285,0.14285714285714285,0.75,2.225,23.675,,0.56,2.0,2.0,2.0,,,,,,,,,2.0,5.0,,,1.0,,1.0,,,,,0.16666666666666666,1.0,1.0,,,,0.18181818181818182,,,0.66955,,0.5,,,,,,2.0,6.0,2.0,3.0,6.0,3.0,,,,0.5,4.0,4.0,-7.0,,,,,,,,,1.0,2.0,,,,,,,,,1.0,,,,,,,2026
1643462,1611661320,Chance Gray,Chance Gray,1643462,LAS,-2724.6,4,-45.0,-35.0,90,91,40.0,43.0,12.0,181,3.0,5.0,3.0,3.0,,,,,,2.0,,3.0,3.0,5.0,,5.0,,6.0,113,,1.0,,3.0,3.0,6.0,6.0,,,3.0,,2.0,,1.0,1.0,1.0,,,3.0,,,2.0,2.0,4.0,,4.0,,,,,2.0,,2.0,,,,2.0,,1.0,2.0,5.0,,,,,,,6.0,6.0,40.0,,,3.0,,4.0,,,86.66666666666667,124.17582417582418,1.0,1.0,,,,0.6,,1.0,0.3,,0.6,0.3,,0.6,0.5,0.4,0.4,,11.538461538461538,1.0,0.125,,0.09090909090909091,,0.10526315789473684,,,,,,,,0.1,,,0.5,0.6,1.0,1.0,,,,,,,,,0.2,,,,0.3,,,,0.6,1.0,1.0,,0.57639,0.6003999999999999,,,,1.0,2.12,25.8,,0.4444444444444444,,1.0,1.0,,1.0,,1.0,,1.0,,,2.0,,,,,,,,,,,0.6666666666666666,0.5,,0.5,,,0.2,0.2,,0.521725,,0.5,,0.6,,,,,,,,,,,,,,,,,,,,,,,,,,,,,,,,,,,,,,,,,,2026
